Name,Category,Brand,ImageURL,PLU,Barcode,Package,Price
ACEITE IDEAL 12/1000 ML,Condimentos,Ideal,https://insitusales.s3.us-east-1.amazonaws.com/web-app/data/12025/images/products/146_3000,146,840107900045,Caja x12,39.99
ACEITE IDEAL 24/445 ML,Condimentos,Ideal,https://insitusales.s3.us-east-1.amazonaws.com/web-app/data/12025/images/products/145_2999,145,840107900106,Caja x24,43.50
ADRENALINE ENERGIZANTE GRANDE 12/16OZ,Bebidas,Adrenaline,https://insitusales.s3.us-east-1.amazonaws.com/web-app/data/12025/images/products/56_1480,56,7421600303828,Caja x12,30.25
ADRENALINE ENERGIZANTE PEQUENA 24 /10.5 OZ,Bebidas,Adrenaline,https://insitusales.s3.us-east-1.amazonaws.com/web-app/data/12025/images/products/57_1481,57,7421600303835,Caja x24,49.79
Aguacate FL / Caribbean 24CT,Frutas y Vegetales Frescos,PO Vida,https://insitusales.s3.us-east-1.amazonaws.com/web-app/data/12025/images/products/525_FLORIDA.png,525,4771,Caja x24,43.88
AMP GOLD 12/20 OZ,Bebidas,AMP,https://insitusales.s3.us-east-1.amazonaws.com/web-app/data/12025/images/products/134_1255,134,7401005906862,Caja x12,20.89
ARROZ BLANCO MACARENA 6/ 4LB,Granos,Macarena,https://insitusales.s3.us-east-1.amazonaws.com/web-app/data/12025/images/products/302_3364.jpg,302,7401002902706,Caja x6,25.99
ARROZ GALLO DORADO 25/1 LB,Granos,Gallo Dorado,https://insitusales.s3.us-east-1.amazonaws.com/web-app/data/12025/images/products/309_3360.jpg,309,7401002902676,Caja x25,26.91
ARROZ GALLO DORADO 5/5 LB,Granos,Gallo Dorado,https://insitusales.s3.us-east-1.amazonaws.com/web-app/data/12025/images/products/310_3361.jpg,310,7401002911050,Caja x5,28.41
ARROZ GALLO DORADO 8PACK/1 KILO,Granos,Gallo Dorado,https://insitusales.s3.us-east-1.amazonaws.com/web-app/data/12025/images/products/308_3359.jpg,308,7401002911128,Caja x8,21.07
ARROZ MACARENA 6/ 4LB,Granos,Macarena,https://insitusales.s3.us-east-1.amazonaws.com/web-app/data/12025/images/products/301_3363.jpg,301,7401002902690,Caja x6,25.99
B&B CONCENTRADO DE HORCHATA 12/22.9 OZ,Bebidas,Concentrado,https://insitusales.s3.us-east-1.amazonaws.com/web-app/data/12025/images/products/282_1667.jpg,282,738777050187,Caja x12,51.37
B&B CONCENTRADO JAMAICA 12/ 22.9 OZ,Bebidas,Concentrado,https://insitusales.s3.us-east-1.amazonaws.com/web-app/data/12025/images/products/281_1665.jpg,281,738777050194,Caja x12,51.37
Baby Green Mango / Criollo 20LB,Frutas y Vegetales Frescos,,https://insitusales.s3.us-east-1.amazonaws.com/web-app/data/12025/images/products/471_be13627e-ae48-439e-8582-746436c4a5ac.JPG,471,CTD-1133,,69.32
Babys Banana 23LB,Frutas y Vegetales Frescos,,https://insitusales.s3.us-east-1.amazonaws.com/web-app/data/12025/images/products/447_baby.jpeg,447,CTD-1108,,42.72
Bay Leaves / Hoja de Laurel 12CT,Frutas y Vegetales Frescos,PO Vida,https://insitusales.s3.us-east-1.amazonaws.com/web-app/data/12025/images/products/488_CTD-1152-Bay%20Leaves%20%20Hoja%20de%20Laurel%2012CT.jpg,488,3062,Caja x12,28.33
BEBIDA ENERGIZANTE RAPTOR BOTTLE PET24/ 20 OZ,Bebidas,Raptor,https://insitusales.s3.us-east-1.amazonaws.com/web-app/data/12025/images/products/58_1489,58,081537204536,Caja x24,29.99
Berro / Watercrest 24CT,Frutas y Vegetales Frescos,,https://insitusales.s3.us-east-1.amazonaws.com/web-app/data/12025/images/products/526_2c81c89e-fd76-4402-829e-8eb0919bd8de.JPG,526,CTD-1190,,31.80
Betabel Jumbo bunch 12CT,Frutas y Vegetales Frescos,PO Vida,https://insitusales.s3.us-east-1.amazonaws.com/web-app/data/12025/images/products/527_beta.webp,527,4539,Caja x12,25.73
BOING GUAYABA BOTELLIN VIDRIO 354 ML 24/12 OZ 01/25,Bebidas,BOING,https://insitusales.s3.us-east-1.amazonaws.com/web-app/data/12025/images/products/315_CTD-1023.jpeg,315,CTD-1023,Caja x24,25.00
BOING MANGO BOTELLIN VIDRIO 354 ML 24/12 OZ 04/25,Bebidas,BOING,https://insitusales.s3.us-east-1.amazonaws.com/web-app/data/12025/images/products/314_CTD-1022.jpeg,314,CTD-1022,Caja x24,25.00
BOING MANGO TETRA PAK 500 ML 24/16.9 OZ,Bebidas,BOING,https://insitusales.s3.us-east-1.amazonaws.com/web-app/data/12025/images/products/573_CTD-1235.jpeg,573,CTD-1235,Caja x24,29.28
Boniato Root 40LB,Frutas y Vegetales Frescos,PO Vida,https://insitusales.s3.us-east-1.amazonaws.com/web-app/data/12025/images/products/547_boniato.png,547,4546,Caja x40,67.00
Burro Banana 35LB,Frutas y Vegetales Frescos,,https://insitusales.s3.us-east-1.amazonaws.com/web-app/data/12025/images/products/448_banana-burro.jpg,448,CTD-1109,,26.02
BUTTER COOKIES BAG 26/11.0 OZ,Galletas,BUTTER,https://insitusales.s3.us-east-1.amazonaws.com/web-app/data/12025/images/products/386_CTD-1057.jpeg,386,0474-41163-409865,,108.54
Cachucha Peppers 8LB,Frutas y Vegetales Frescos,,https://insitusales.s3.us-east-1.amazonaws.com/web-app/data/12025/images/products/454_71aa2689-0205-4e8d-ad85-1906b56b2a3a.JPG,454,CTD-1116,,27.69
Calabacita  Mexicana 35LB,Frutas y Vegetales Frescos,,https://insitusales.s3.us-east-1.amazonaws.com/web-app/data/12025/images/products/510_94fa136e-c888-4d5b-a0bc-0d8ebb5e4fbe.JPG,510,CTD-1174,,37.44
Calabaza De Castilla / Arjuna 32LB,Frutas y Vegetales Frescos,,https://insitusales.s3.us-east-1.amazonaws.com/web-app/data/12025/images/products/559_calabaza-castilla-400.png,559,CTD-1223,,21.91
Caribe Peppers 20LB,Frutas y Vegetales Frescos,PO Vida,https://insitusales.s3.us-east-1.amazonaws.com/web-app/data/12025/images/products/455_CTD-1117-Caribe%20Peppers%2020LB.jpg,455,4678,Caja x20,55.44
Cassava / Yuca Chips 1210.58oz,Frutas y Vegetales Frescos,PO Vida,,465,8-64590-00317,Caja x12,47.99
Chamomille / Manzanilla 12CT,Frutas y Vegetales Frescos,PO Vida,https://insitusales.s3.us-east-1.amazonaws.com/web-app/data/12025/images/products/489_CTD-1153-Chamomille%20Manzanilla%2012CT.jpg,489,4833/ 8-64590-00055-6,Caja x12,24.86
Chayote Black 38LB,Frutas y Vegetales Frescos,PO Vida,https://insitusales.s3.us-east-1.amazonaws.com/web-app/data/12025/images/products/560_CTD-1224-Chayote%20Black%2038LB.jpg,560,CTD-1224,Caja x38,33.47
Chayote con Espinas 38LB,Frutas y Vegetales Frescos,PO Vida,https://insitusales.s3.us-east-1.amazonaws.com/web-app/data/12025/images/products/561_CTD-1225-Chayote%20con%20Espinas%2038LB.jpg,561,4785,Caja x38,29.05
Chenese Long Beans 30LB,Frutas y Vegetales Frescos,PO Vida,https://insitusales.s3.us-east-1.amazonaws.com/web-app/data/12025/images/products/437_CTD-1098-Chenese%20Long%20Beans%2030LB.jpg,437,4527,Caja x30,69.32
CHIKY Chocolate Cookies Bag 16/16.9 Oz,Galletas,CHIKY,https://insitusales.s3.us-east-1.amazonaws.com/web-app/data/12025/images/products/384_CTD-1055.jpeg,384,0300-86581-314010,Caja x16,53.99
CHIKY STRAWBERRY COOKIES BAG 16/16.9OZ,Galletas,CHIKY,https://insitusales.s3.us-east-1.amazonaws.com/web-app/data/12025/images/products/383_CTD-1054.jpeg,383,0300-86581-010875,Caja x16,53.99
Chilaca Peppers 20LB,Frutas y Vegetales Frescos,PO Vida,https://insitusales.s3.us-east-1.amazonaws.com/web-app/data/12025/images/products/456_CTD-1118-Chilaca%20Peppers%2020LB.jpg,456,4711,Caja x20,61.22
Chile Cobanero 183oz,Frutas y Vegetales Frescos,,,457,CTD-1119,,77.41
Chile De Arbol 20LB,Frutas y Vegetales Frescos,,,458,CTD-1120,,97.07
CHILE OLANCHO 12/20 OZ.,Condimentos,D Olancho,https://insitusales.s3.us-east-1.amazonaws.com/web-app/data/12025/images/products/158_5435,158,7421206000039,Caja x12,32.04
CHILE OLANCHO 36/4.5 OZ,Condimentos,D' Olancho,https://insitusales.s3.us-east-1.amazonaws.com/web-app/data/12025/images/products/157_5431,157,7421206000022,Caja x36,35.99
Chile/Habanero Plantain Chips 1215.86oz,Frutas y Vegetales Frescos,,,466,CTD-1128,,47.98
Chile/Jalapeño Plantain Chips 1215.86oz,Frutas y Vegetales Frescos,,,467,CTD-1129,,47.98
Chile/Limon Plantain Chips 1215.86oz,Frutas y Vegetales Frescos,,,468,CTD-1130,,47.98
Chinese Bittermelon 30LB,Frutas y Vegetales Frescos,PO Vida,https://insitusales.s3.us-east-1.amazonaws.com/web-app/data/12025/images/products/438_CTD-1099-Chinese%20Bittermelon%2030LB.jpg,438,4783,Caja x30,56.61
Chinese Eggplant 30LB,Frutas y Vegetales Frescos,PO Vida,https://insitusales.s3.us-east-1.amazonaws.com/web-app/data/12025/images/products/439_CTD-1100-Chinese%20Eggplant%2030LB.jpg,439,3089,Caja x30,52.20
Chinese Okra / Sinqua 30LB,Frutas y Vegetales Frescos,PO Vida,https://insitusales.s3.us-east-1.amazonaws.com/web-app/data/12025/images/products/440_CTD-1101-Chinese%20Okra%20Sinqua%2030LB.jpg,440,4656,Caja x30,40.44
Chipilin 12CT,Frutas y Vegetales Frescos,PO Vida,https://insitusales.s3.us-east-1.amazonaws.com/web-app/data/12025/images/products/490_CTD-1154-Chipilin%2012CT.jpg,490,8-64590-00050-1,Caja x12,43.36
CHOCOLISTO MILK MODIFIER BAG OW 18/7.05OZ,Abarrotes,CHOCOLISTO,https://insitusales.s3.us-east-1.amazonaws.com/web-app/data/12025/images/products/390_CTD-1061.jpeg,390,0100-51817-500099,Caja x18,36.22
CHOCOLISTO MILK MODIFIER JAR OW 12/10.5OZ,Abarrotes,CHOCOLISTO,https://insitusales.s3.us-east-1.amazonaws.com/web-app/data/12025/images/products/388_CTD-1059.jpeg,388,0100-51817-516106,Jar12,40.77
CHOCOLISTO MILK MODIFIER JAR OW 6/35.2OZ,Abarrotes,CHOCOLISTO,https://insitusales.s3.us-east-1.amazonaws.com/web-app/data/12025/images/products/389_CTD-1060.jpeg,389,0100-51817-505131,Jar6,56.04
CHOCOLISTO STRAWBERRY MILKMOD BAG 18/7.05OZ,Abarrotes,CHOCOLISTO,https://insitusales.s3.us-east-1.amazonaws.com/web-app/data/12025/images/products/391_CTD-1062.jpeg,391,0100-51817-502659,Caja x18,36.22
CHONTALENO QUESO EN TROZOS 1/14OZ CJ 12,Lácteos,Chontaleno,https://insitusales.s3.us-east-1.amazonaws.com/web-app/data/12025/images/products/194_8341,194,810118992070,Por unidad,7.49
CHONTALENO QUESO MOROLIQUE TABLETA 1/14OZ CJ 12,Lácteos,Chontaleno,https://insitusales.s3.us-east-1.amazonaws.com/web-app/data/12025/images/products/195_8342,195,810118992063,Por unidad,7.49
CLOVER BRAND MARGARINA DOMESTICA 24 PCS 400 GRS.,Condimentos,Clover,https://insitusales.s3.us-east-1.amazonaws.com/web-app/data/12025/images/products/286_3096.jpg,286,7421001602018,Caja x24,57.50
COCA COLA 24/12 OZ,Bebidas,Coca Cola,https://insitusales.s3.us-east-1.amazonaws.com/web-app/data/12025/images/products/340_1236.jpg,340,1236,Caja x24,32.20
COCA-COLA 1/2 LT.,Bebidas,Coca Cola,https://insitusales.s3.us-east-1.amazonaws.com/web-app/data/12025/images/products/431_CTD-1097.jpeg,431,CTD-1097,Caja x24,37.99
Coco Verde 10CT,Frutas y Vegetales Frescos,,,528,CTD-1192,,30.64
COLCAFE 3 IN 1 JAR 12/13.4 OZ,Abarrotes,COLCAFE,https://insitusales.s3.us-east-1.amazonaws.com/web-app/data/12025/images/products/397_CTD-1068.jpeg,397,0100-17202-101685,Caja x12,91.42
Colcafe Instant Coffee Jar 3 Oz x 6,Abarrotes,COLCAFE,https://insitusales.s3.us-east-1.amazonaws.com/web-app/data/12025/images/products/395_CTD-1066.jpeg,395,0-17202-50170-9,Caja x6,27.29
Colcafe Instant Coffee Jar 6 Oz x 6,Abarrotes,COLCAFE,https://insitusales.s3.us-east-1.amazonaws.com/web-app/data/12025/images/products/396_CTD-1067.jpeg,396,0-17202-50189-1,Caja x6,49.04
Colombiana la Nuestra Kola Soda 12/1.5 lt,Bebidas,Colombiana,https://insitusales.s3.us-east-1.amazonaws.com/web-app/data/12025/images/products/373_CTD-1044.jpeg,373,850050430889,Caja x12,27.99
CORONA CHOCO ZERO SUGAR OW 20/5.86OZ,Abarrotes,CORONA,https://insitusales.s3.us-east-1.amazonaws.com/web-app/data/12025/images/products/394_CTD-1065.jpeg,394,0100-51817-508286,Caja x20,76.14
CORONA CHOCOLATE TRAD BARS 20/17.06OZ,Abarrotes,CORONA,https://insitusales.s3.us-east-1.amazonaws.com/web-app/data/12025/images/products/393_CTD-1064.jpeg,393,0100-51817-505377,Caja x20,107.90
CORONA CHOCOLATE TRAD TAB OW 20/14.1 OZ,Abarrotes,CORONA,https://insitusales.s3.us-east-1.amazonaws.com/web-app/data/12025/images/products/392_CTD-1063.jpeg,392,0100-51817-505100,Caja x20,107.90
CR-ADRENALINE ENERGIZANTE PEQUENA 24 /10.5 OZ,Bebidas,Adrenaline,https://insitusales.s3.us-east-1.amazonaws.com/web-app/data/12025/images/products/350_CR-1481.png,350,CR-7421600303835,Caja x24,49.79
CR-AMP GOLD 12/20 OZ,Bebidas,,,436,CR-1255,,20.89
CR-DONA NITA CONCHAS 1/4.94OZ CJ 14,Galletas,Dona Nita,https://insitusales.s3.us-east-1.amazonaws.com/web-app/data/12025/images/products/368_CR-5391.png,368,CR-810118993022,Por unidad,1.39
CR-LA FINCA CHICHARRON BOTANERO 12/6 OZ,Snacks y Botanas,La Finca,https://insitusales.s3.us-east-1.amazonaws.com/web-app/data/12025/images/products/353_CR-6117.png,353,CR-810118991264,Caja x16,52.23
CR-LA FINCA CHICHARRON RUEDA CHILE LIME 24/3.02 OZ,Snacks y Botanas,La Finca,https://insitusales.s3.us-east-1.amazonaws.com/web-app/data/12025/images/products/337_CR-6233.png,337,CR-851356007072,Caja x24,44.99
CR-LA FINCA CONCHAS 1/10 OZ CJ 10,Galletas,La Finca,https://insitusales.s3.us-east-1.amazonaws.com/web-app/data/12025/images/products/319_CR-5534.png,319,CR-851356007607,Por unidad,3.77
CR-LA FINCA COTIJA POLVO 1/16 OZ CJ 12,Lácteos,La Finca,https://insitusales.s3.us-east-1.amazonaws.com/web-app/data/12025/images/products/359_CR-8199.png,359,CR-851356007997,Por unidad,4.89
CR-LA FINCA CREMA CHONTALENO 1/ 32 OZ. CJ 8,Lácteos,La Finca,https://insitusales.s3.us-east-1.amazonaws.com/web-app/data/12025/images/products/574_CR-8352.png,574,CR-810118991745,Por unidad,6.69
CR-LA FINCA CREMA HONDURENA 1/ 16 OZ. CJ 12,Lácteos,La Finca,https://insitusales.s3.us-east-1.amazonaws.com/web-app/data/12025/images/products/432_CR-8353.png,432,CR-810118991707,Por unidad,3.49
CR-LA FINCA CREMA HONDURENA 1/ 32 OZ. CJ 8,Lácteos,La Finca,https://insitusales.s3.us-east-1.amazonaws.com/web-app/data/12025/images/products/433_CR-8350.png,433,CR-810118991677,Por unidad,6.29
CR-LA FINCA CREMA SALVADORENA 1/ 16 OZ. CJ 12,Lácteos,La Finca,https://insitusales.s3.us-east-1.amazonaws.com/web-app/data/12025/images/products/435_CR-8354.png,435,CR-810118991714,Por unidad,3.49
CR-LA FINCA CREMA SALVADORENA 1/ 32 OZ. CJ 8,Lácteos,La Finca,https://insitusales.s3.us-east-1.amazonaws.com/web-app/data/12025/images/products/434_CR-8351.png,434,CR-810118991684,Por unidad,6.29
CR-LA FINCA FRIJOL PILOY ROJO 12/ 24 OZ (680G),Granos,,https://insitusales.s3.us-east-1.amazonaws.com/web-app/data/12025/images/products/356_CR-3229.png,356,CR-810118991554,Caja x12,115.80
CR-LA FINCA GUARACHA REDONDA 1/10 OZ CJ 10,Galletas,La Finca,https://insitusales.s3.us-east-1.amazonaws.com/web-app/data/12025/images/products/354_CR-5530.png,354,CR-851356007560,Por unidad,3.77
CR-LA FINCA QUESO FRESCO 6/ 10 OZ. CJ12,Lácteos,La Finca,https://insitusales.s3.us-east-1.amazonaws.com/web-app/data/12025/images/products/352_CR-8208.png,352,CR-810118990465,pack6,16.90
CR-LA FINCA QUESO PARA PUPUSAS 1/16 OZ CJ 12,Lácteos,La Finca,https://insitusales.s3.us-east-1.amazonaws.com/web-app/data/12025/images/products/351_CR-8198.png,351,CR-851356007980,Por unidad,5.29
CR-LA FINCA SALV SEMITA DE ARROZ 1/10 OZ CJ 10,Galletas,La Finca,https://insitusales.s3.us-east-1.amazonaws.com/web-app/data/12025/images/products/355_CR-5532.png,355,CR-851356007584,Por unidad,3.77
CR-LA FINCA TOSTADA HORNEADA GUAJILLO 12/ 8.84 OZ.,Snacks y Botanas,La Finca,https://insitusales.s3.us-east-1.amazonaws.com/web-app/data/12025/images/products/367_CR-6231.png,367,CR-810118990519,Caja x12,30.48
CR-LF OAXACA 1/ 16 OZ CJ 8 (UNIDAD),Lácteos,La Finca,https://insitusales.s3.us-east-1.amazonaws.com/web-app/data/12025/images/products/358_CR-8170.png,358,CR-810118990090,Por unidad,6.99
CR-LF QUESILLO 1/16 OZ CJ 8 (UNIDAD),Lácteos,La Finca,https://insitusales.s3.us-east-1.amazonaws.com/web-app/data/12025/images/products/357_CR-8168.png,357,CR-810118990083,Por unidad,7.49
CR-NATURAS SOFRITO CRIOLLO 24/7.1 OZ (200 GRS),Condimentos,Naturas,https://insitusales.s3.us-east-1.amazonaws.com/web-app/data/12025/images/products/427_CR-5467.png,427,CR-850022820885,Caja x24,38.75
Culantro 40CT,Frutas y Vegetales Frescos,PO Vida,https://insitusales.s3.us-east-1.amazonaws.com/web-app/data/12025/images/products/491_665aa71c-8ec9-4413-bb7c-c666eac7c89c.JPG,491,4921,Caja x40,30.64
Curry Leaves 121.5oz,Frutas y Vegetales Frescos,,,492,CTD-1156,,30.00
DB MAIZ TRILLADO AMARILLO 6/4 LBS,Granos,Dona Betty,https://insitusales.s3.us-east-1.amazonaws.com/web-app/data/12025/images/products/287_3400.jpg,287,8341070812684,pack6,35.94
DB MAIZ TRILLADO BLANCO 6/4 LBS,Granos,Dona Betty,https://insitusales.s3.us-east-1.amazonaws.com/web-app/data/12025/images/products/288_3401.jpg,288,8341070131945,pack6,38.71
DE LA GRANJA JUGO DE NARANJA PET 12/500 ML,Bebidas,De La Granja,https://insitusales.s3.us-east-1.amazonaws.com/web-app/data/12025/images/products/300_1438.jpg,300,7406189008579,Caja x12,21.36
DE LA GRANJA JUGO DE NARANJA PET 6/ 990 ML.,Bebidas,De la Granja,https://insitusales.s3.us-east-1.amazonaws.com/web-app/data/12025/images/products/320_1434.jpg,320,7401000707327,Caja x6,21.99
DIANA BACORNS 24/1.48 OZ,Snacks y Botanas,Diana,https://insitusales.s3.us-east-1.amazonaws.com/web-app/data/12025/images/products/242_6330,242,748757000101,Caja x24,37.99
DIANA CARAMEL CORN 24/4.76 OZ,Snacks y Botanas,Diana,https://insitusales.s3.us-east-1.amazonaws.com/web-app/data/12025/images/products/243_6331,243,748757000378,Caja x24,37.99
DIANA CHEESTEENS 24/4.05 OZ,Snacks y Botanas,Diana,https://insitusales.s3.us-east-1.amazonaws.com/web-app/data/12025/images/products/244_6332,244,748757000149,Caja x24,37.99
DIANA CORN CHIPS HOT 24/4.05 OZ,Snacks y Botanas,Diana,https://insitusales.s3.us-east-1.amazonaws.com/web-app/data/12025/images/products/245_6333,245,748757000187,Caja x24,37.99
DIANA CORN CURLS 24/1.69 OZ,Snacks y Botanas,Diana,https://insitusales.s3.us-east-1.amazonaws.com/web-app/data/12025/images/products/246_6334.jpg,246,748757000019,Caja x24,37.99
DIANA CORNBRIGHTS 24/4.51 OZ,Snacks y Botanas,Diana,https://insitusales.s3.us-east-1.amazonaws.com/web-app/data/12025/images/products/247_6337,247,748757000392,Caja x24,37.99
DIANA CORNSTICKS 24/5.57 OZ,Snacks y Botanas,Diana,https://insitusales.s3.us-east-1.amazonaws.com/web-app/data/12025/images/products/248_6338,248,748757000248,Caja x24,37.99
DIANA CORNSTICKS SPICY/LIME SMALL 24/ 5.6 OZ,Snacks y Botanas,Diana,https://insitusales.s3.us-east-1.amazonaws.com/web-app/data/12025/images/products/252_6347,252,859267000809,Caja x24,37.99
DIANA HOT CURLS 24/2.32 OZ,Snacks y Botanas,Diana,https://insitusales.s3.us-east-1.amazonaws.com/web-app/data/12025/images/products/249_6339,249,748757000125,Caja x24,37.99
DIANA JALAPENOS 24/3.84 OZ,Snacks y Botanas,Diana,https://insitusales.s3.us-east-1.amazonaws.com/web-app/data/12025/images/products/250_6340,250,748757001085,Caja x24,37.99
DIANA NACHOS 24/3.52 OZ,Snacks y Botanas,Diana,https://insitusales.s3.us-east-1.amazonaws.com/web-app/data/12025/images/products/251_6341,251,748757000224,Caja x24,37.99
DIANA TOZTECAS ORIGINAL 24/5.29 OZ,Snacks y Botanas,Diana,https://insitusales.s3.us-east-1.amazonaws.com/web-app/data/12025/images/products/253_6349,253,859267000281,Caja x24,37.99
Dikon Root 40LB,Frutas y Vegetales Frescos,PO Vida,https://insitusales.s3.us-east-1.amazonaws.com/web-app/data/12025/images/products/441_CTD-1102-Dikon%20Root%2040LB.jpg,441,4598,Caja x40,26.19
DON JULIO CONSOME SABOR A POLLO BOLSA 12/ 380 GRS.,Condimentos,Don Julio,https://insitusales.s3.us-east-1.amazonaws.com/web-app/data/12025/images/products/299_5612.jpg,299,714258000421,Caja x12,38.30
DON JULIO CUBITOS DE POLLO BOLSITA 48/ 25 UDS 100GR.,Condimentos,Don Julio,https://insitusales.s3.us-east-1.amazonaws.com/web-app/data/12025/images/products/298_5610.jpg,298,714258009714,Caja x48,51.43
DON JULIO EMPANIZADOR 12/ 9.8 OZ,Harinas,Don Julio,https://insitusales.s3.us-east-1.amazonaws.com/web-app/data/12025/images/products/303_5202.jpg,303,714258001459,Caja x12,48.75
DON JULIO PIMIENTA Y COMINO JUMBO 230 GRS / 12 UNDS,Condimentos,Don Julio,https://insitusales.s3.us-east-1.amazonaws.com/web-app/data/12025/images/products/107_5444,107,714258004238,Caja x12,74.30
DON JULIO PIMIENTA Y COMINO PET 70GRS/24 UNDS,Condimentos,Don Julio,https://insitusales.s3.us-east-1.amazonaws.com/web-app/data/12025/images/products/108_5445,108,714258012271,Caja x24,59.96
DON JULIO SALSA AJO CON PEREJIL 12/ 330 ML.,Condimentos,Don Julio,https://insitusales.s3.us-east-1.amazonaws.com/web-app/data/12025/images/products/104_5432,104,714258005631,Caja x12,35.16
DON JULIO SALSA DE CHILE CABRO 24/ 165 ML.,Condimentos,Don Julio,https://insitusales.s3.us-east-1.amazonaws.com/web-app/data/12025/images/products/110_5448,110,7423379705407,Caja x24,42.50
DON JULIO SALSA DE CHILE HABANERO 24/ 165 ML.,Condimentos,Don Julio,https://insitusales.s3.us-east-1.amazonaws.com/web-app/data/12025/images/products/111_5449,111,7423379705292,Caja x24,43.13
DON JULIO SALSA DE CHILE JALAPENO 24/ 165 ML.,Condimentos,Don Julio,https://insitusales.s3.us-east-1.amazonaws.com/web-app/data/12025/images/products/159_5447,159,7423379705544,Caja x24,38.25
DON JULIO SALSA INGLESA 12/ 340 ML.,Condimentos,Don Julio,https://insitusales.s3.us-east-1.amazonaws.com/web-app/data/12025/images/products/102_5419,102,714258016705,Caja x12,28.44
DON JULIO SALSA PICANTE 24/ 240 ML.,Condimentos,Don Julio,https://insitusales.s3.us-east-1.amazonaws.com/web-app/data/12025/images/products/106_5443,106,714258013988,Caja x24,25.20
DON JULIO SALSA PICANTE 460 ML / 12 UNDS,Condimentos,Don Julio,https://insitusales.s3.us-east-1.amazonaws.com/web-app/data/12025/images/products/109_5446,109,714258017320,Caja x12,27.50
DON JULIO SALSA SOYA 12/ 12.1 OZ.,Condimentos,Don Julio,https://insitusales.s3.us-east-1.amazonaws.com/web-app/data/12025/images/products/101_5418,101,714258004139,Caja x12,29.76
DONA NITA CONCHAS 1/4.94OZ CJ 14,Galletas,Dona Nita,https://insitusales.s3.us-east-1.amazonaws.com/web-app/data/12025/images/products/99_5391,99,810118993022,Por unidad,1.39
DONA NITA CREMA HONDURENA (BAG) 1/14oz CJ 12,Lácteos,Dona Nita,https://insitusales.s3.us-east-1.amazonaws.com/web-app/data/12025/images/products/190_8316,190,810118992117,Por unidad,3.69
DONA NITA CREMA SALVADORENA (BAG) 1/14oz CJ 12,Lácteos,Dona Nita,https://insitusales.s3.us-east-1.amazonaws.com/web-app/data/12025/images/products/189_8314,189,810118992087,Por unidad,3.69
DONA NITA QUESO CON CHILE CHAROLA 1/ 14OZ CJ 12,Lácteos,Dona Nita,https://insitusales.s3.us-east-1.amazonaws.com/web-app/data/12025/images/products/193_8337,193,810118992032,Por unidad,6.99
DONA NITA QUESO MOROLIQUE TABLETA 1/ 14OZ CJ 12,Lácteos,Dona Nita,https://insitusales.s3.us-east-1.amazonaws.com/web-app/data/12025/images/products/192_8336,192,810118992025,Por unidad,7.13
DONA NITA QUESO PARA FRIJOLES CHAROLA 1/ 14OZ CJ 12,Lácteos,Dona Nita,https://insitusales.s3.us-east-1.amazonaws.com/web-app/data/12025/images/products/191_8335,191,810118992018,Por unidad,6.99
DONA NITA SEMITA DE YEMA 1/14OZ CJ 12,Galletas,Dona Nita,https://insitusales.s3.us-east-1.amazonaws.com/web-app/data/12025/images/products/98_5390,98,810118993015,Por unidad,4.32
DUCALES Crackers Pack 12/10.37 Oz,Snacks y Botanas,DUCALES,https://insitusales.s3.us-east-1.amazonaws.com/web-app/data/12025/images/products/376_CTD-1047.jpeg,376,0200-47416-02977- 9,Caja x12,28.68
DUCALES Crackers Shipper 48PC 10.37Oz,Snacks y Botanas,DUCALES,https://insitusales.s3.us-east-1.amazonaws.com/web-app/data/12025/images/products/377_CTD-1048.jpeg,377,0300-47416-029776,Caja x48,114.72
DUX CLUBORIG CRACKERS BAG 24/8.82 OZ,Snacks y Botanas,DUX,https://insitusales.s3.us-east-1.amazonaws.com/web-app/data/12025/images/products/374_CTD-1045.jpeg,374,0100-47416-04095- 1,Caja x24,55.21
DUX SALTINES CRACKERS BAG 18/7.62 OZ,Snacks y Botanas,DUX,https://insitusales.s3.us-east-1.amazonaws.com/web-app/data/12025/images/products/375_CTD-1046.jpeg,375,0100-47416-23142- 7,Caja x18,41.40
ELECTROLITO COCO CJA 12UND,Bebidas,Electrolit,https://insitusales.s3.us-east-1.amazonaws.com/web-app/data/12025/images/products/327_CTD-1027.jpeg,327,CTD-1027,Caja x12,22.00
ELECTROLITO FRESA  KIWI CJA 12UND,Bebidas,Electrolit,https://insitusales.s3.us-east-1.amazonaws.com/web-app/data/12025/images/products/328_CTD-1028.jpeg,328,CTD-1028,Caja x12,22.00
ELECTROLITO FRESA CJA 12UND,Bebidas,Electrolit,https://insitusales.s3.us-east-1.amazonaws.com/web-app/data/12025/images/products/326_CTD-1026.jpeg,326,CTD-1026,Caja x12,22.00
ELECTROLITO GUAYABA CJA 12UND,Bebidas,Electrolit,https://insitusales.s3.us-east-1.amazonaws.com/web-app/data/12025/images/products/335_CTD-1035.jpeg,335,CTD-1035,Caja x12,24.00
ELECTROLITO HORCHATA CJA 12UND,Bebidas,Electrolit,https://insitusales.s3.us-east-1.amazonaws.com/web-app/data/12025/images/products/334_CTD-1034.jpeg,334,CTD-1034,Caja x12,22.00
ELECTROLITO LIMON CJA 12UND,Bebidas,Electrolit,https://insitusales.s3.us-east-1.amazonaws.com/web-app/data/12025/images/products/330_CTD-1030.jpeg,330,CTD-1030,Caja x12,22.00
ELECTROLITO MANZANA CJA 12UND,Bebidas,Electrolit,https://insitusales.s3.us-east-1.amazonaws.com/web-app/data/12025/images/products/331_CTD-1031.jpeg,331,CTD-1031,Caja x12,22.00
ELECTROLITO MORA AZUL  CJA 12UND,Bebidas,Electrolit,https://insitusales.s3.us-east-1.amazonaws.com/web-app/data/12025/images/products/332_CTD-1032.jpeg,332,CTD-1032,Caja x12,22.00
ELECTROLITO NARANJA CJA 12UND,Bebidas,Electrolit,https://insitusales.s3.us-east-1.amazonaws.com/web-app/data/12025/images/products/329_CTD-1029.jpeg,329,CTD-1029,Caja x12,22.00
ELECTROLITO PINA CJA 12UND,Bebidas,Electrolit,https://insitusales.s3.us-east-1.amazonaws.com/web-app/data/12025/images/products/336_CTD-1036.jpeg,336,CTD-1036,Caja x12,24.00
ELECTROLITO PONCHE  CJA 12UND,Bebidas,Electrolit,https://insitusales.s3.us-east-1.amazonaws.com/web-app/data/12025/images/products/333_CTD-1033.jpeg,333,CTD-1033,Caja x12,22.00
ELECTROLITO UVA  CAJA 12UND,Bebidas,Electrolit,https://insitusales.s3.us-east-1.amazonaws.com/web-app/data/12025/images/products/325_CTD-1025.jpeg,325,CTD-1025,Caja x12,22.00
Elotitos / Baby Corns 1516oz,Frutas y Vegetales Frescos,,,562,CTD-1226,,70.47
Epazote 24CT,Frutas y Vegetales Frescos,,,493,CTD-1157,,28.85
FESTIVAL LEMON COOKIE BAG 12/14.21 OZ,Galletas,FESTIVAL,https://insitusales.s3.us-east-1.amazonaws.com/web-app/data/12025/images/products/382_CTD-1053.jpeg,382,0200-47416-231134,Caja x12,34.84
Flor de Izote 208oz,Frutas y Vegetales Frescos,PO Vida,https://insitusales.s3.us-east-1.amazonaws.com/web-app/data/12025/images/products/494_CTD-1158-Flor%20de%20Izote%20208oz.jpg,494,8-64590-00085-3,Caja x20,71.63
Fresh Nance 30LB,Frutas y Vegetales Frescos,PO Vida,,472,6684/8-64590-00030-3,Caja x30,84.35
Fresh Nance Cubetita 122.4 LB,Frutas y Vegetales Frescos,,,511,CTD-1175,,67.00
Fresh Oregano 12CT,Frutas y Vegetales Frescos,PO Vida,https://insitusales.s3.us-east-1.amazonaws.com/web-app/data/12025/images/products/495_CTD-1159-Fresh%20Oregano%2012CT.jpg,495,4897/8-64590-00065-5,Caja x12,21.91
Frijol Negro en Vaina (Clam Shell) 15LB,Frutas y Vegetales Frescos,,,512,CTD-1176,,59.84
Frijol Rojo en Vaina (Clam Shell) 1216oz,Frutas y Vegetales Frescos,,,513,CTD-1177,,58.10
Frijol Rojo en Vaina (Granel) 15LB,Frutas y Vegetales Frescos,,,487,CTD-1151,,59.84
Garbanzo 15LB,Frutas y Vegetales Frescos,PO Vida,,514,4812,Caja x15,43.69
Ginger / Jengibre (ORGANIC) 30LB (PE),Frutas y Vegetales Frescos,,,515,CTD-1179,,56.60
Ginger / Jengibre 30LB (CH),Frutas y Vegetales Frescos,PO Vida,,548,4612,Caja x30,29.48
Green Beans / Ejotes 25LB,Frutas y Vegetales Frescos,,,563,CTD-1227,,50.95
Green Mango 50LB,Frutas y Vegetales Frescos,PO Vida,https://insitusales.s3.us-east-1.amazonaws.com/web-app/data/12025/images/products/473_CTD-1135-Green%20Mango%2050LB.jpg,473,4316,Caja x50,91.19
Green Onion Bunch / Cebollitas 40CT,Frutas y Vegetales Frescos,,,529,CTD-1193,,27.46
Guaje Verde / Green 24LB,Frutas y Vegetales Frescos,PO Vida,https://insitusales.s3.us-east-1.amazonaws.com/web-app/data/12025/images/products/564_CTD-1228-Guaje%20Verde%20Green%2024LB.jpg,564,4909/8-64590-00039-6,Caja x24,47.44
Guanabana / Soursop 20LB,Frutas y Vegetales Frescos,,,474,CTD-1136,,189.05
Guayaba Amarilla 13LB,Frutas y Vegetales Frescos,PO Vida,https://insitusales.s3.us-east-1.amazonaws.com/web-app/data/12025/images/products/530_CTD-1194-Guayaba%20Amarilla%2013LB.jpg,530,4299,Caja x13,24.86
Habanero Orange / Naranja 8LB,Frutas y Vegetales Frescos,PO Vida,https://insitusales.s3.us-east-1.amazonaws.com/web-app/data/12025/images/products/459_CTD-1121-Habanero%20Orange%20%20Naranja%208LB.jpg,459,4506,Caja x8,37.58
Habanero Rojo / Red 8LB,Frutas y Vegetales Frescos,PO Vida,https://insitusales.s3.us-east-1.amazonaws.com/web-app/data/12025/images/products/460_CTD-1122-Habanero%20Rojo%20%20Red%208LB.jpg,460,3125,Caja x8,37.58
Habanero Verde / Green 8LB,Frutas y Vegetales Frescos,PO Vida,https://insitusales.s3.us-east-1.amazonaws.com/web-app/data/12025/images/products/461_CTD-1123-Habanero%20Verde%20%20Green%208LB.jpg,461,4716,Caja x8,37.58
Hawaiian Plantain 35LB,Frutas y Vegetales Frescos,,,449,CTD-1110,,57.75
Hierba Buena 24CT,Frutas y Vegetales Frescos,PO Vida,,496,4819,Caja x24,21.39
Hierba De Olor 24CT,Frutas y Vegetales Frescos,PO Vida,https://insitusales.s3.us-east-1.amazonaws.com/web-app/data/12025/images/products/497_CTD-1161-Hierba%20De%20Olor%2024CT.jpg,497,4917,Caja x24,50.82
Hierba Mora 12CT,Frutas y Vegetales Frescos,,,498,CTD-1162,,43.36
Hoja de Platano 25LB,Frutas y Vegetales Frescos,,,499,CTD-1163,,30.00
Honey Bee With Honecomb,Frutas y Vegetales Frescos,PO Vida,,575,8-64590-00105-8,Por unidad,104.63
Huazontle 20CT,Frutas y Vegetales Frescos,PO Vida,https://insitusales.s3.us-east-1.amazonaws.com/web-app/data/12025/images/products/531_CTD-1195-Huazontle%2020CT.jpg,531,4918/8-64590-00032-7,Caja x20,29.65
INA CHAO MEIN 20/6.34 OZ,Abarrotes,INA,https://insitusales.s3.us-east-1.amazonaws.com/web-app/data/12025/images/products/71_5154,71,753081101004,Caja x20,18.79
INA CHAO MEIN SIN SOYA 20/ 6.34 OZ,Abarrotes,INA,https://insitusales.s3.us-east-1.amazonaws.com/web-app/data/12025/images/products/80_5175,80,753081100007,Caja x20,19.18
INA PASTA CABELLO DE ANGEL 30X150 GR,Abarrotes,INA,https://insitusales.s3.us-east-1.amazonaws.com/web-app/data/12025/images/products/72_5156,72,753081010207,Caja x30,17.74
INA PASTA CARACOL 20X200 GR,Abarrotes,INA,https://insitusales.s3.us-east-1.amazonaws.com/web-app/data/12025/images/products/77_5165,77,753081006002,Caja x20,13.41
INA PASTA CARACOLITO 20X200 GR,Abarrotes,INA,https://insitusales.s3.us-east-1.amazonaws.com/web-app/data/12025/images/products/73_5157,73,753081007009,Caja x20,13.40
INA PASTA CODITO 20X200 GR,Abarrotes,INA,https://insitusales.s3.us-east-1.amazonaws.com/web-app/data/12025/images/products/74_5158,74,753081004305,Caja x20,13.43
INA PASTA CODO 20X200 GR,Abarrotes,INA,https://insitusales.s3.us-east-1.amazonaws.com/web-app/data/12025/images/products/78_5166,78,753081004008,Caja x20,13.40
INA PASTA CORBATON 20X150 GR,Abarrotes,INA,https://insitusales.s3.us-east-1.amazonaws.com/web-app/data/12025/images/products/75_5159,75,753081008006,Caja x20,13.46
INA PASTA ESPAGUETTI 20X200 GR.,Abarrotes,INA,https://insitusales.s3.us-east-1.amazonaws.com/web-app/data/12025/images/products/76_5160,76,753081002004,Caja x20,13.54
INA PASTA LENGUA LINGUINI 20X200 GR,Abarrotes,INA,https://insitusales.s3.us-east-1.amazonaws.com/web-app/data/12025/images/products/79_5168,79,753081002615,Caja x20,13.48
Incaparina Hot Cerl Mix Corn & Soy 12/15.9 oz.,Abarrotes,Incaparina,https://insitusales.s3.us-east-1.amazonaws.com/web-app/data/12025/images/products/294_CTD-1016%20%281%29.jpeg,294,081537300016,Caja x12,30.69
INCAPARINA LIQUIDA 12/1 LT,Bebidas,Incaparina,https://insitusales.s3.us-east-1.amazonaws.com/web-app/data/12025/images/products/283_1669.jpg,283,7406189003499,Caja x12,37.49
Indian Bittermelon / Karela 30LB,Frutas y Vegetales Frescos,PO Vida,https://insitusales.s3.us-east-1.amazonaws.com/web-app/data/12025/images/products/442_CTD-1103-Indian%20Bittermelon%20Karela%2030LB.jpg,442,3215,Caja x30,48.50
Indian Eggplant 30LB,Frutas y Vegetales Frescos,PO Vida,https://insitusales.s3.us-east-1.amazonaws.com/web-app/data/12025/images/products/443_CTD-1104-Indian%20Eggplant%2030LB.jpg,443,4603,Caja x30,26.54
Indian Okra 15LB,Frutas y Vegetales Frescos,,,444,CTD-1105,,31.80
Jack Fruit 1LB,Frutas y Vegetales Frescos,PO Vida,https://insitusales.s3.us-east-1.amazonaws.com/web-app/data/12025/images/products/475_CTD-1137-Jack%20Fruit%201LB.jpg,475,3454,Bag1,0.72
Jalapeño Rojo / Red 35LB,Frutas y Vegetales Frescos,PO Vida,https://insitusales.s3.us-east-1.amazonaws.com/web-app/data/12025/images/products/462_CTD-1124-Jalape%C3%B1o%20Rojo%20Red%2035LB.jpg,462,4694,Caja x35,46.19
JB LONG LEGGIES MARSHMALLOW BUNNY 30/3.88OZ,Dulces,Josh Bosh,https://insitusales.s3.us-east-1.amazonaws.com/web-app/data/12025/images/products/290_6465.jpg,290,850072696355,Caja x30,52.01
JB LONG LEGGIES MARSHMALLOW DOG 30/3.88OZ,Dulces,Josh Bosh,https://insitusales.s3.us-east-1.amazonaws.com/web-app/data/12025/images/products/289_6463.jpg,289,850072696317,Caja x30,52.01
JET BURBUJA DISPLAY 1/ 24/5,Dulces,JET,https://insitusales.s3.us-east-1.amazonaws.com/web-app/data/12025/images/products/414_CTD-1084.jpeg,414,0100-51817-509528,Por unidad,2.41
JET BURBUJAS CARAMEL 24/8/3.3 OZ,Dulces,JET,https://insitusales.s3.us-east-1.amazonaws.com/web-app/data/12025/images/products/413_CTD-1083.jpeg,413,0100-51817-508316,Caja x24,69.57
JET CHOCOLATE SPREAD JAR OW 8/12.3 OZ,Dulces,JET,https://insitusales.s3.us-east-1.amazonaws.com/web-app/data/12025/images/products/411_CTD-1081.jpeg,411,0100-51817-506817,Caja x8,46.54
JET MILK CHOCO BAR BAG OW 12/10/3.88 OZ,Dulces,JET,https://insitusales.s3.us-east-1.amazonaws.com/web-app/data/12025/images/products/409_CTD-1079.jpeg,409,0100-51817-503707,Caja x12,40.71
JET MILK CHOCO BAR DISP OW 12/24/9.31OZ,Dulces,JET,https://insitusales.s3.us-east-1.amazonaws.com/web-app/data/12025/images/products/410_CTD-1080.jpeg,410,0100-51817-503714,Caja x12,86.55
JET MINI MILK CHOCOLATE USA OW 24/5.07OZ,Dulces,JET,https://insitusales.s3.us-east-1.amazonaws.com/web-app/data/12025/images/products/415_CTD-1085.jpeg,415,0100-51817-50826- 2,Caja x24,91.12
JET WAFER VANILLA BAG OW 24/10/7.7 OZ,Dulces,JET,https://insitusales.s3.us-east-1.amazonaws.com/web-app/data/12025/images/products/412_CTD-1082.jpeg,412,0100-51817-50403- 5,Caja x24,93.09
JUGO NATURAS DURAZNO 24 PK,Bebidas,Naturas,https://insitusales.s3.us-east-1.amazonaws.com/web-app/data/12025/images/products/364_CTD-1041.jpeg,364,CTD-1041,Caja x24,15.99
JUGO NATURAS FRESA/BANANA 24 PK,Bebidas,Naturas,https://insitusales.s3.us-east-1.amazonaws.com/web-app/data/12025/images/products/363_CTD-1040.jpeg,363,CTD-1040,Caja x24,15.99
JUGO NATURAS GUAYABA 24 PK,Bebidas,Naturas,https://insitusales.s3.us-east-1.amazonaws.com/web-app/data/12025/images/products/365_CTD-1042.jpeg,365,CTD-1042,Caja x24,15.99
JUGO NATURAS MANGO 24 PK,Bebidas,Naturas,https://insitusales.s3.us-east-1.amazonaws.com/web-app/data/12025/images/products/366_CTD-1043.jpeg,366,CTD-1043,Caja x24,15.99
JUGO NATURAS MANZANA 24 PK,Bebidas,Naturas,https://insitusales.s3.us-east-1.amazonaws.com/web-app/data/12025/images/products/360_CTD-1037.jpeg,360,CTD-1037,Caja x24,15.99
JUGO NATURAS PERA 24 PK,Bebidas,Naturas,https://insitusales.s3.us-east-1.amazonaws.com/web-app/data/12025/images/products/362_CTD-1039.jpeg,362,CTD-1039,Caja x24,15.99
JUGO NATURAS PIÑA 24 PK,Bebidas,Naturas,https://insitusales.s3.us-east-1.amazonaws.com/web-app/data/12025/images/products/361_CTD-1038.jpeg,361,CTD-1038,Caja x24,15.99
JUMBO FLOW DISPLAY 1/12/12,Dulces,JUMBO,https://insitusales.s3.us-east-1.amazonaws.com/web-app/data/12025/images/products/420_CTD-1090.jpeg,420,0100-51817-50846- 0,Por unidad,6.39
JUMBO MINI PEANUT DISPL OW 1/ 12/24,Dulces,JUMBO,https://insitusales.s3.us-east-1.amazonaws.com/web-app/data/12025/images/products/417_CTD-1087.jpeg,417,0100-51817-50407 3,Por unidad,9.75
JUMBO PEANUT BAG 1/60/2,Dulces,JUMBO,https://insitusales.s3.us-east-1.amazonaws.com/web-app/data/12025/images/products/418_CTD-1088.jpeg,418,0100-51817-50555 1,Por unidad,3.93
JUMBO PEANUT CHOCO DISP OW 12/12/14.8OZ,Dulces,JUMBO,https://insitusales.s3.us-east-1.amazonaws.com/web-app/data/12025/images/products/416_CTD-1086.jpeg,416,0100-51817-50387 8,Por unidad,9.49
JUMBO ROLL DISP 1/ 12/15,Dulces,JUMBO,https://insitusales.s3.us-east-1.amazonaws.com/web-app/data/12025/images/products/419_CTD-1089.jpeg,419,0275-01088-21171 7,Por unidad,5.14
JUMEX DURAZNO VIDRIO 12/413 ML P126 01/25,Bebidas,JUMEX,https://insitusales.s3.us-east-1.amazonaws.com/web-app/data/12025/images/products/312_CTD-1020.jpeg,312,CTD-1020,Caja x12,13.75
JUMEX MANZANA VIDRIO 12/413 ML P126,Bebidas,JUMEX,https://insitusales.s3.us-east-1.amazonaws.com/web-app/data/12025/images/products/311_CTD-1019.jpeg,311,CTD-1019,Caja x12,13.75
JUMEX UVA VIDRIO 12/413 ML P126 01/25,Bebidas,JUMEX,https://insitusales.s3.us-east-1.amazonaws.com/web-app/data/12025/images/products/313_CTD-1021.jpeg,313,CTD-1021,Caja x12,13.75
KETCHUP BB BOLSA 1/16 OZ CJ 32,Condimentos,BB,https://insitusales.s3.us-east-1.amazonaws.com/web-app/data/12025/images/products/105_5434,105,738777180457,Por unidad,1.38
Kola Granulada Tarrito Rojo 12/11.50 oz.,Abarrotes,JGB,https://insitusales.s3.us-east-1.amazonaws.com/web-app/data/12025/images/products/205_Kola%20Granulada%2011.5.jpg,205,7707353200295,Caja x12,87.00
LA COSTENA GREEN PICKLED CJ24/7 OZ.,Conservas,La costena,https://insitusales.s3.us-east-1.amazonaws.com/web-app/data/12025/images/products/268_CTD-1006.jpeg,268,CTD-1006,Caja x24,25.12
LA COSTENA GREEN PICKLED JALAPENO CJ12/26 OZ.,Conservas,La Costena,https://insitusales.s3.us-east-1.amazonaws.com/web-app/data/12025/images/products/273_CTD-1011.jpeg,273,CTD-1011,Caja x12,21.66
LA COSTENA GREEN PICKLED JALAPENOS CJ12/12  OZ.,Conservas,La costena,https://insitusales.s3.us-east-1.amazonaws.com/web-app/data/12025/images/products/271_CTD-1009.jpeg,271,CTD-1009,Caja x12,18.60
LA COSTENA GREEN PICKLED SLICED CJ12/12OZ.,Conservas,La costena,https://insitusales.s3.us-east-1.amazonaws.com/web-app/data/12025/images/products/272_CTD-1010.jpeg,272,CTD-1010,Caja x12,23.27
LA COSTENA GREEN PICKLED SLICED CJ24/7OZ.,Conservas,La costena,https://insitusales.s3.us-east-1.amazonaws.com/web-app/data/12025/images/products/267_CTD-1005.jpeg,267,CTD-1005,Caja x24,29.16
LA COSTENA IN ADOBO SAUCE CHIPOTLE CJ12/12OZ.,Conservas,La costena,https://insitusales.s3.us-east-1.amazonaws.com/web-app/data/12025/images/products/270_CTD-1008.jpeg,270,CTD-1008,Caja x12,40.98
LA COSTENA IN ADOBO SAUCE CHIPOTLE CJ24/7OZ.,Conservas,La costena,https://insitusales.s3.us-east-1.amazonaws.com/web-app/data/12025/images/products/269_CTD-1007.jpeg,269,CTD-1007,Caja x24,40.68
La Costena Sliced Jalapeno cj12/28oz.,Conservas,La costena,https://insitusales.s3.us-east-1.amazonaws.com/web-app/data/12025/images/products/274_CTD-1012.jpeg,274,CTD-1012,Caja x12,28.83
LA FINCA ACHIOTE MOLIDO 12/ 4 OZ CJ 6,Condimentos,La Finca,https://insitusales.s3.us-east-1.amazonaws.com/web-app/data/12025/images/products/82_5217,82,810118991004,Caja x36,18.46
LA FINCA ARROZ GRANO LARGO 20/1 LB,Granos,La Finca,https://insitusales.s3.us-east-1.amazonaws.com/web-app/data/12025/images/products/571_3367.jpg,571,8101189934598,Caja x20,30.54
LA FINCA ARROZ GRANO LARGO 5/4 LB,Granos,La Finca,https://insitusales.s3.us-east-1.amazonaws.com/web-app/data/12025/images/products/572_3368.jpg,572,8101189924766,Caja x5,32.45
LA FINCA CHAMPURRADA TRADICIONAL 10 UDS/15 OZ CJ 12 PACK,Galletas,La Finca,https://insitusales.s3.us-east-1.amazonaws.com/web-app/data/12025/images/products/154_5383,154,810118992537,Por unidad,4.89
LA FINCA CHICHARRON BOTANERO 12/6 OZ,Snacks y Botanas,La Finca,https://insitusales.s3.us-east-1.amazonaws.com/web-app/data/12025/images/products/222_6117,222,810118991264,Caja x16,52.23
LA FINCA CHICHARRON BOTANERO 36/2.5oz,Snacks y Botanas,La Finca,https://insitusales.s3.us-east-1.amazonaws.com/web-app/data/12025/images/products/217_6108,217,810118992841,Caja x36,57.00
LA FINCA CHICHARRON BOTANERO CON CHILE 36/2.5oz,Snacks y Botanas,La Finca,https://insitusales.s3.us-east-1.amazonaws.com/web-app/data/12025/images/products/218_6109,218,810118992858,Caja x36,57.00
LA FINCA CHICHARRON GRANDE 11 PC 12/9.02 OZ,Snacks y Botanas,La Finca,https://insitusales.s3.us-east-1.amazonaws.com/web-app/data/12025/images/products/239_6236,239,851356007485,Caja x12,57.13
LA FINCA CHICHARRON GRANDE 5 PC 24/4.06 OZ,Snacks y Botanas,La Finca,https://insitusales.s3.us-east-1.amazonaws.com/web-app/data/12025/images/products/240_6237,240,851356007492,Caja x24,55.70
LA FINCA CHICHARRON MINI CUADRO SNACK 24/3.02 OZ,Snacks y Botanas,La Finca,https://insitusales.s3.us-east-1.amazonaws.com/web-app/data/12025/images/products/238_6234,238,851356007089,Caja x24,44.99
LA FINCA CHICHARRON RUEDA 24/3.02 OZ,Snacks y Botanas,La Finca,https://insitusales.s3.us-east-1.amazonaws.com/web-app/data/12025/images/products/241_6239,241,851356007515,Caja x24,44.99
LA FINCA CHICHARRON RUEDA CHILE LIME 24/3.02 OZ,Snacks y Botanas,La Finca,https://insitusales.s3.us-east-1.amazonaws.com/web-app/data/12025/images/products/237_6233,237,851356007072,Caja x24,44.99
LA FINCA CHICHARRON SANCOCHITOS 12/3oz,Snacks y Botanas,La Finca,https://insitusales.s3.us-east-1.amazonaws.com/web-app/data/12025/images/products/219_6112,219,810118992865,Caja x12,19.20
LA FINCA CHICHARRON SANCOCHITOS CON CHILE 12/3 oz,Snacks y Botanas,La Finca,https://insitusales.s3.us-east-1.amazonaws.com/web-app/data/12025/images/products/220_6113,220,810118992872,Caja x12,19.20
LA FINCA CHILE PICANTE TIPO OLANCHO CJ 12/ (480ML) 1/16.09OZ,Condimentos,La Finca,https://insitusales.s3.us-east-1.amazonaws.com/web-app/data/12025/images/products/114_5510,114,810118991219,Caja x12,26.37
LA FINCA COBERTURA DE CHOCOLATE 24/375 GR,Dulces,La Finca,https://insitusales.s3.us-east-1.amazonaws.com/web-app/data/12025/images/products/224_6191,224,7411002574247,Caja x24,61.41
LA FINCA CONCHAS 1/10 OZ CJ 10,Galletas,La Finca,https://insitusales.s3.us-east-1.amazonaws.com/web-app/data/12025/images/products/121_5534,121,851356007607,Por unidad,3.77
LA FINCA COTIJA POLVO 1/16 OZ CJ 12,Lácteos,La Finca,https://insitusales.s3.us-east-1.amazonaws.com/web-app/data/12025/images/products/186_8199,186,851356007997,Por unidad,4.89
LA FINCA CREMA CHONTALENO 1/ 16 OZ. CJ 12,Lácteos,La Finca,https://insitusales.s3.us-east-1.amazonaws.com/web-app/data/12025/images/products/201_8355,201,810118991752,Por unidad,3.49
LA FINCA CREMA CHONTALENO 1/ 32 OZ. CJ 8,Lácteos,La Finca,https://insitusales.s3.us-east-1.amazonaws.com/web-app/data/12025/images/products/198_8352,198,810118991745,Por unidad,6.69
LA FINCA CREMA GUATEMALTECA 1/ 16 OZ. CJ 12,Lácteos,La Finca,https://insitusales.s3.us-east-1.amazonaws.com/web-app/data/12025/images/products/202_8356,202,810118991738,Por unidad,3.49
LA FINCA CREMA HONDURENA 1/ 16 OZ. CJ 12,Lácteos,La Finca,https://insitusales.s3.us-east-1.amazonaws.com/web-app/data/12025/images/products/199_8353,199,810118991707,Por unidad,3.49
LA FINCA CREMA HONDURENA 1/ 32 OZ. CJ 8,Lácteos,La Finca,https://insitusales.s3.us-east-1.amazonaws.com/web-app/data/12025/images/products/196_8350,196,810118991677,Por unidad,6.29
LA FINCA CREMA SALVADORENA 1/ 16 OZ. CJ 12,Lácteos,La Finca,https://insitusales.s3.us-east-1.amazonaws.com/web-app/data/12025/images/products/200_8354,200,810118991714,Por unidad,3.49
LA FINCA CREMA SALVADORENA 1/ 32 OZ. CJ 8,Lácteos,La Finca,https://insitusales.s3.us-east-1.amazonaws.com/web-app/data/12025/images/products/197_8351,197,810118991684,Por unidad,6.29
LA FINCA CUERITOS EN VINAGRE 12/15 OZ,Carnicería,La Finca,https://insitusales.s3.us-east-1.amazonaws.com/web-app/data/12025/images/products/212_3079,212,810118990595,Caja x12,44.17
LA FINCA CUERITOS EN VINAGRE 4/4 LB,Carnicería,La Finca,https://insitusales.s3.us-east-1.amazonaws.com/web-app/data/12025/images/products/213_3080,213,810118990601,Caja x4,52.97
LA FINCA CUERITOS EN VINAGRE MINI BARREL 1/9 LB,Carnicería,La Finca,https://insitusales.s3.us-east-1.amazonaws.com/web-app/data/12025/images/products/214_3081,214,810118990618,Jar9,28.59
LA FINCA CURTIDO SALVADORENO C/VERDURA 12/32 GRS.,Conservas,La Finca,https://insitusales.s3.us-east-1.amazonaws.com/web-app/data/12025/images/products/144_2329,144,850026673371,Caja x12,65.30
LA FINCA FRESCO 1 KILO CJ 4,Lácteos,La Finca,https://insitusales.s3.us-east-1.amazonaws.com/web-app/data/12025/images/products/184_8197,184,851356007973,Por unidad,10.56
LA FINCA FRIED PORK SKIN (Chicharron Sancocho) 12/ 5 OZ.,Snacks y Botanas,La Finca,https://insitusales.s3.us-east-1.amazonaws.com/web-app/data/12025/images/products/221_6114,221,810118991271,Caja x12,51.59
LA FINCA FRIED PORK SKIN STRIPS (C. Botanero Tiras) 12/ 5 OZ.,Snacks y Botanas,La Finca,https://insitusales.s3.us-east-1.amazonaws.com/web-app/data/12025/images/products/223_6118,223,810118991288,Caja x12,45.24
LA FINCA FRIJOL PILOY ROJO 12/ 24 OZ (680G),Granos,La Finca,https://insitusales.s3.us-east-1.amazonaws.com/web-app/data/12025/images/products/70_3229,70,810118991554,Caja x12,115.80
LA FINCA FRIJOL ROJO DE SEDA 12/ 32 OZ,Granos,La Finca,https://insitusales.s3.us-east-1.amazonaws.com/web-app/data/12025/images/products/67_3225,67,810118991363,Caja x12,46.15
LA FINCA FRIJOL ROJO DE SEDA 50 LBS,Granos,La Finca,https://insitusales.s3.us-east-1.amazonaws.com/web-app/data/12025/images/products/69_3228,69,3228,Por unidad,74.99
LA FINCA FRIJOL ROJO DE SEDA 6/ 64 OZ,Granos,La Finca,https://insitusales.s3.us-east-1.amazonaws.com/web-app/data/12025/images/products/68_3226,68,810118991370,Caja x6,46.15
LA FINCA FRIJOLES REFRITOS ROJOS 12/800 GMS,Condimentos,La Finca,https://insitusales.s3.us-east-1.amazonaws.com/web-app/data/12025/images/products/112_5486,112,810118991080,Caja x12,48.99
LA FINCA FRIJOLES REFRITOS ROJOS 8/1200 GMS,Condimentos,La Finca,https://insitusales.s3.us-east-1.amazonaws.com/web-app/data/12025/images/products/164_5487,164,810118991097,Caja x8,48.99
LA FINCA GUARACHA REDONDA 1/10 OZ CJ 10,Galletas,La Finca,https://insitusales.s3.us-east-1.amazonaws.com/web-app/data/12025/images/products/119_5530,119,851356007560,Por unidad,3.77
LA FINCA HARINA DE CEBADA 12/ 12 OZ CJ 3,Harinas,La Finca,https://insitusales.s3.us-east-1.amazonaws.com/web-app/data/12025/images/products/86_5229,86,810118991820,Caja x36,28.09
LA FINCA HARINA DE HABA CAJA 10 BAGS/1 LB,Harinas,La Finca,https://insitusales.s3.us-east-1.amazonaws.com/web-app/data/12025/images/products/88_5245,88,810118992612,Caja x10,47.45
LA FINCA HARINA DE PINOLILLO 12/ 12 OZ CJ 3,Harinas,La Finca,https://insitusales.s3.us-east-1.amazonaws.com/web-app/data/12025/images/products/85_5228,85,810118991813,Caja x12,35.62
LA FINCA HORCHATA DE ARROZ 12/ 12 OZ CJ 3,Harinas,La Finca,https://insitusales.s3.us-east-1.amazonaws.com/web-app/data/12025/images/products/83_5226,83,810118990977,Caja x12,24.82
LA FINCA HORCHATA DE MORRO 12/12 OZ CJ 3,Harinas,La Finca,https://insitusales.s3.us-east-1.amazonaws.com/web-app/data/12025/images/products/87_5243,87,810118990960,Caja x12,33.78
LA FINCA JASMINE RICE 1/20 LB,Granos,La Finca,https://insitusales.s3.us-east-1.amazonaws.com/web-app/data/12025/images/products/349_3105.jpg,349,3105,Por unidad,21.94
LA FINCA JASMINE RICE 15/2 LB,Granos,La Finca,https://insitusales.s3.us-east-1.amazonaws.com/web-app/data/12025/images/products/64_3102,64,851356007553,Caja x15,40.69
LA FINCA JASMINE RICE 6/5 LB,Granos,La Finca,https://insitusales.s3.us-east-1.amazonaws.com/web-app/data/12025/images/products/63_3101,63,851356007546,Caja x6,38.68
LA FINCA MARGARITA 1/12 OZ. CJ 12 UNDS,Galletas,La Finca,https://insitusales.s3.us-east-1.amazonaws.com/web-app/data/12025/images/products/94_5373,94,851356007096,Por unidad,3.28
LA FINCA MARIAS BOX 12/ 560 GR,Galletas,La Finca,https://insitusales.s3.us-east-1.amazonaws.com/web-app/data/12025/images/products/91_5312,91,810118990199,Caja x12,35.99
LA FINCA MINI PILONCILLO CJ 25 16OZ/ 454GRS.,Dulces,La Finca,https://insitusales.s3.us-east-1.amazonaws.com/web-app/data/12025/images/products/429_CTD-6197.jpg,429,810118992001,Caja x25,43.99
LA FINCA MOJO CRIOLLO 12/20.3 FL OZ (600 ML),Condimentos,La Finca,https://insitusales.s3.us-east-1.amazonaws.com/web-app/data/12025/images/products/117_5515,117,810118990656,Caja x12,28.52
LA FINCA MOJO CRIOLLO 4/ 3785 ML,Condimentos,La Finca,https://insitusales.s3.us-east-1.amazonaws.com/web-app/data/12025/images/products/113_5508,113,810118990663,Caja x4,32.37
LA FINCA NANCE 12/32 OZ,Conservas,La Finca,https://insitusales.s3.us-east-1.amazonaws.com/web-app/data/12025/images/products/142_2302,142,851356007249,Caja x12,60.00
LA FINCA NOPAL 12/ 32 OZ..,Conservas,La Finca,https://insitusales.s3.us-east-1.amazonaws.com/web-app/data/12025/images/products/60_2330,60,810118990168,Caja x12,33.25
LA FINCA OREJITAS EN VINAGRE 12/15 OZ,Carnicería,La Finca,https://insitusales.s3.us-east-1.amazonaws.com/web-app/data/12025/images/products/211_3078,211,810118990632,Caja x12,107.90
LA FINCA PACAYA 12/ 16 OZ.,Conservas,La Finca,https://insitusales.s3.us-east-1.amazonaws.com/web-app/data/12025/images/products/143_2323,143,851356007218,Caja x12,45.18
LA FINCA PACAYA 12/32 OZ,Conservas,La Finca,https://insitusales.s3.us-east-1.amazonaws.com/web-app/data/12025/images/products/59_2300,59,851356007225,Caja x12,75.99
LA FINCA PAN HOJALDRA 10 UDS/14 OZ CJ 12,Galletas,La Finca,https://insitusales.s3.us-east-1.amazonaws.com/web-app/data/12025/images/products/155_5384,155,810118992544,Por unidad,3.99
LA FINCA PANELA FRACCIONADA 12 CJ 32 OZ / 908 GRS,Dulces,La Finca,https://insitusales.s3.us-east-1.amazonaws.com/web-app/data/12025/images/products/125_6188,125,850026673852,Caja x12,49.71
LA FINCA PANELA MONEDA CJ 24 16OZ/ 454 GRS,Dulces,La Finca,https://insitusales.s3.us-east-1.amazonaws.com/web-app/data/12025/images/products/428_CTD6183.jpg,428,810118992797,Caja x24,47.99
LA FINCA PANELA PILONCILLO CJ 25 8 OZ/227 GRS,Dulces,La Finca,https://insitusales.s3.us-east-1.amazonaws.com/web-app/data/12025/images/products/342_6189.jpg,342,850026673845,Caja x25,29.99
LA FINCA PANELA REDONDA 24 CJ 16 OZ/454 GRS,Dulces,La Finca,https://insitusales.s3.us-east-1.amazonaws.com/web-app/data/12025/images/products/341_6187.jpg,341,850026673838,Caja x24,46.40
LA FINCA PATITAS EN VINAGRE 12/15 OZ,Carnicería,La Finca,https://insitusales.s3.us-east-1.amazonaws.com/web-app/data/12025/images/products/216_3082,216,810118990625,Caja x12,56.27
LA FINCA PIMIENTA Y COMINO 1 /8.1 OZ (230 GR JUMBO) CJ 12.,Condimentos,La Finca,https://insitusales.s3.us-east-1.amazonaws.com/web-app/data/12025/images/products/118_5516,118,810118990687,Caja x12,72.93
LA FINCA PIMIENTA Y COMINO MOLIDO 24/65GRS..,Condimentos,La Finca,https://insitusales.s3.us-east-1.amazonaws.com/web-app/data/12025/images/products/93_5368,93,810118990670,Caja x24,50.88
LA FINCA QUESO CINCHO 1/12OZ. CJ 16 (PESO),Lácteos,La Finca,https://insitusales.s3.us-east-1.amazonaws.com/web-app/data/12025/images/products/187_8202,187,810118990113,Libras,6.89
LA FINCA QUESO FRESCO 6/ 10 OZ. CJ12,Lácteos,La Finca,https://insitusales.s3.us-east-1.amazonaws.com/web-app/data/12025/images/products/188_8208,188,810118990465,pack6,16.90
LA FINCA QUESO PARA PUPUSAS 1/16 OZ CJ 12,Lácteos,La Finca,https://insitusales.s3.us-east-1.amazonaws.com/web-app/data/12025/images/products/185_8198,185,851356007980,Por unidad,5.29
LA FINCA RELAJO ENTERO 12/ 4 OZ CJ 4,Condimentos,La Finca,https://insitusales.s3.us-east-1.amazonaws.com/web-app/data/12025/images/products/81_5216,81,810118990984,Caja x36,26.89
LA FINCA ROSCA ROJA 5 UDS/7 OZ CJ 12,Galletas,La Finca,https://insitusales.s3.us-east-1.amazonaws.com/web-app/data/12025/images/products/156_5387,156,810118992605,Por unidad,4.16
LA FINCA ROSQUETE 1/12 OZ. CJ 18 UNDS,Galletas,La Finca,https://insitusales.s3.us-east-1.amazonaws.com/web-app/data/12025/images/products/95_5374,95,851356007041,Por unidad,3.24
LA FINCA ROSQUILLA MIXTA FAMILIAR 1/16 OZ. CJ 12 UNDS,Galletas,La Finca,https://insitusales.s3.us-east-1.amazonaws.com/web-app/data/12025/images/products/96_5376,96,851356007027,Por unidad,5.08
LA FINCA SALSA AJO CON PEREJIL 12/ 330 ML,Condimentos,La Finca,https://insitusales.s3.us-east-1.amazonaws.com/web-app/data/12025/images/products/116_5514,116,810118990700,Caja x12,35.04
LA FINCA SALSA DE SOYA 12/340 ML,Condimentos,La Finca,https://insitusales.s3.us-east-1.amazonaws.com/web-app/data/12025/images/products/115_5512,115,810118990717,Caja x12,28.44
LA FINCA SALSA GUACAMOLE 12/ 17.6OZ.,Condimentos,La Finca,https://insitusales.s3.us-east-1.amazonaws.com/web-app/data/12025/images/products/61_2334,61,810118991615,Caja x12,30.00
LA FINCA SALSA INGLESA 12/340 ML (11.02 OZ),Condimentos,La Finca,https://insitusales.s3.us-east-1.amazonaws.com/web-app/data/12025/images/products/92_5364,92,810118990694,Caja x12,28.49
LA FINCA SALSA ROJA TAQUERA 12/ 17.6OZ.,Condimentos,La Finca,https://insitusales.s3.us-east-1.amazonaws.com/web-app/data/12025/images/products/62_2336,62,810118991608,Caja x12,32.86
LA FINCA SALV SEMITA DE ARROZ 1/10 OZ CJ 10,Galletas,La Finca,https://insitusales.s3.us-east-1.amazonaws.com/web-app/data/12025/images/products/120_5532,120,851356007584,Por unidad,3.77
LA FINCA SEMILLA DE MORRO 12/ 8 OZ CJ 3,Harinas,La Finca,https://insitusales.s3.us-east-1.amazonaws.com/web-app/data/12025/images/products/84_5227,84,810118990991,Caja x12,41.74
LA FINCA TAJADAS DE PLATANO DULCE 12/12.7OZ,Snacks y Botanas,La Finca,https://insitusales.s3.us-east-1.amazonaws.com/web-app/data/12025/images/products/317_6216.jpg,317,810118993145,Caja x12,55.00
LA FINCA TAJADAS DE PLATANO SALADOS 12/12.7OZ,Snacks y Botanas,La Finca,https://insitusales.s3.us-east-1.amazonaws.com/web-app/data/12025/images/products/318_6217.jpg,318,810118993138,Caja x12,55.00
LA FINCA TOSTACAS 1/12OZ. CJ 16 UNDS,Galletas,La Finca,https://insitusales.s3.us-east-1.amazonaws.com/web-app/data/12025/images/products/97_5381,97,851356007188,Por unidad,3.59
LA FINCA TOSTADA HORNEADA CON AJONJOLI 12/8.84 OZ,Snacks y Botanas,La Finca,https://insitusales.s3.us-east-1.amazonaws.com/web-app/data/12025/images/products/123_6121,123,851356007836,Caja x12,30.48
LA FINCA TOSTADA HORNEADA CON CHIA Y NOPAL DESHIDRATADO 12/8.84 OZ,Snacks y Botanas,La Finca,https://insitusales.s3.us-east-1.amazonaws.com/web-app/data/12025/images/products/124_6122,124,851356007843,Caja x12,30.48
LA FINCA TOSTADA HORNEADA GUAJILLO 12/ 8.84 OZ.,Snacks y Botanas,La Finca,https://insitusales.s3.us-east-1.amazonaws.com/web-app/data/12025/images/products/126_6231,126,810118990519,Caja x12,30.48
LA FINCA TOSTADA HORNEADA NATURAL 12/8.84OZ,Snacks y Botanas,La Finca,https://insitusales.s3.us-east-1.amazonaws.com/web-app/data/12025/images/products/122_6120,122,851356007829,Caja x12,30.49
LA FINCATOSTADA HORNEADA DE MAIZ AZUL CON AMARANTO Y LINAZA 12/8.84OZ,Snacks y Botanas,La Finca,https://insitusales.s3.us-east-1.amazonaws.com/web-app/data/12025/images/products/372_6123.jpg,372,851356007850,Caja x12,30.48
LAKY SOPA DE CAMARON 12/75 GRS,Condimentos,LAKY,https://insitusales.s3.us-east-1.amazonaws.com/web-app/data/12025/images/products/254_5450,254,7404001800028,Caja x12,13.99
LAKY SOPA DE CAMARON PICANTE 12/ 75 GRS,Condimentos,LAKY,https://insitusales.s3.us-east-1.amazonaws.com/web-app/data/12025/images/products/259_5456,259,7404001800622,Caja x12,13.99
LAKY SOPA DE JAIBA 12/75 GRS,Condimentos,LAKY,https://insitusales.s3.us-east-1.amazonaws.com/web-app/data/12025/images/products/258_5455,258,7404001800387,Caja x12,13.99
LAKY SOPA DE MARISCOS 12/75 GRS.,Condimentos,LAKY,https://insitusales.s3.us-east-1.amazonaws.com/web-app/data/12025/images/products/255_5451,255,7404001800370,Caja x12,13.99
LAKY SOPA DE POLLO 12/ 75 GRS,Condimentos,LAKY,https://insitusales.s3.us-east-1.amazonaws.com/web-app/data/12025/images/products/257_5454,257,7404001800011,Caja x12,13.99
LAKY SOPA DE RES 12/75 GRS,Condimentos,LAKY,https://insitusales.s3.us-east-1.amazonaws.com/web-app/data/12025/images/products/256_5452,256,7404001800035,Caja x12,13.99
LEMON CRUSH PLASTICO 12/20 OZ,Bebidas,Crush,https://insitusales.s3.us-east-1.amazonaws.com/web-app/data/12025/images/products/138_1453,138,7401002301691,Caja x12,23.21
LEMON CRUSH VIDRIO 24/12 OZ.,Bebidas,Crush,https://insitusales.s3.us-east-1.amazonaws.com/web-app/data/12025/images/products/304_1260.jpg,304,1260,Caja x24,52.50
Lemon Grass 40LB,Frutas y Vegetales Frescos,PO Vida,https://insitusales.s3.us-east-1.amazonaws.com/web-app/data/12025/images/products/500_CTD-1164-Lemon%20Grass%2040LB.jpg,500,4849,Caja x40,50.59
LF ARROZ PRECOCIDO 6/4LB,Granos,La Finca,https://insitusales.s3.us-east-1.amazonaws.com/web-app/data/12025/images/products/147_3357,147,810118992353,Caja x6,25.80
LF ARROZ PRECOCIDO 8PACK/1KG,Granos,La Finca,https://insitusales.s3.us-east-1.amazonaws.com/web-app/data/12025/images/products/148_3358,148,810118992360,Caja x8,27.04
LF CHORIZO ARGENTINO 1/16 OZ. CJ 20,Refrigerados,La Finca,https://insitusales.s3.us-east-1.amazonaws.com/web-app/data/12025/images/products/174_7242,174,810118992292,Por unidad,5.99
LF CHORIZO COLOMBIANO 1/16 OZ. CJ 20,Refrigerados,La Finca,https://insitusales.s3.us-east-1.amazonaws.com/web-app/data/12025/images/products/177_7246,177,810118992339,Por unidad,5.99
LF CHORIZO GUATEMALTECO 1/16 OZ. CJ 20,Refrigerados,La Finca,https://insitusales.s3.us-east-1.amazonaws.com/web-app/data/12025/images/products/278_7245.jpg,278,810118992322,Por unidad,5.99
LF CHORIZO HONDURENO 1/16 OZ. CJ 20,Refrigerados,La Finca,https://insitusales.s3.us-east-1.amazonaws.com/web-app/data/12025/images/products/176_7244,176,810118992315,Por unidad,5.99
LF CHORIZO SALVADORENO 1/16 OZ. CJ 20,Refrigerados,La Finca,https://insitusales.s3.us-east-1.amazonaws.com/web-app/data/12025/images/products/175_7243,175,810118992308,Por unidad,5.99
LF CHORIZO VENEZOLANO 1/16 OZ. CJ 20,Refrigerados,La Finca,https://insitusales.s3.us-east-1.amazonaws.com/web-app/data/12025/images/products/178_7248,178,810118992759,Por unidad,5.99
LF COTIJA 12/ 1LB (PESO),Lácteos,La Finca,https://insitusales.s3.us-east-1.amazonaws.com/web-app/data/12025/images/products/183_8173,183,8173,Libras,5.19
LF FRIJOL NEGRO 6/ 64 OZ,Granos,La Finca,https://insitusales.s3.us-east-1.amazonaws.com/web-app/data/12025/images/products/65_3117,65,810118992513,Caja x6,39.00
LF FRIJOL NEGRO16/ 24 OZ,Granos,La Finca,https://insitusales.s3.us-east-1.amazonaws.com/web-app/data/12025/images/products/66_3118,66,810118992520,Caja x16,51.52
LF LENGUITAS 1/6OZ CJ 10,Galletas,La Finca,https://insitusales.s3.us-east-1.amazonaws.com/web-app/data/12025/images/products/90_5280,90,810118992742,Por unidad,2.69
LF OAXACA 1/ 16 OZ CJ 8 (UNIDAD),Lácteos,La Finca,https://insitusales.s3.us-east-1.amazonaws.com/web-app/data/12025/images/products/182_8170,182,810118990090,Por unidad,6.99
LF QUESILLO 1/16 OZ CJ 8 (UNIDAD),Lácteos,La Finca,https://insitusales.s3.us-east-1.amazonaws.com/web-app/data/12025/images/products/181_8168,181,810118990083,Por unidad,7.49
LF QUESO DURO BLANDO 1/ 40 LBS APROX.,Lácteos,La Finca,https://insitusales.s3.us-east-1.amazonaws.com/web-app/data/12025/images/products/180_8107,180,810118991646,Libras,6.98
LF QUESO MOROLIQUE 1/ 40 LBS APROX,Lácteos,La Finca,https://insitusales.s3.us-east-1.amazonaws.com/web-app/data/12025/images/products/179_8106,179,810118991639,Libras,6.98
LF TUSTACAS 1/8 OZ CJ 9,Galletas,La Finca,https://insitusales.s3.us-east-1.amazonaws.com/web-app/data/12025/images/products/89_5279,89,810118992735,Por unidad,3.97
Loroco 248oz,Frutas y Vegetales Frescos,PO Vida,https://insitusales.s3.us-east-1.amazonaws.com/web-app/data/12025/images/products/501_CTD-1165-Loroco%20248oz.jpg,501,3130/8-64590-00008,Caja x24,137.02
Lychee Nuts 10LB,Frutas y Vegetales Frescos,PO Vida,https://insitusales.s3.us-east-1.amazonaws.com/web-app/data/12025/images/products/476_CTD-1139-Lychee%20Nuts%2010LB.jpg,476,4309,Caja x10,37.44
Maduritos Plantain Chips 1215.86oz,Frutas y Vegetales Frescos,,,516,CTD-1180,,47.98
Malanga Blanca / White 35LB,Frutas y Vegetales Frescos,PO Vida,https://insitusales.s3.us-east-1.amazonaws.com/web-app/data/12025/images/products/549_CTD-1213-Malanga%20Blanca%20White%2035LB.jpg,549,4644,Caja x35,130.60
Malanga Coco / Big Taro 40LB,Frutas y Vegetales Frescos,PO Vida,https://insitusales.s3.us-east-1.amazonaws.com/web-app/data/12025/images/products/550_CTD-1214-Malanga%20Coco%20%20Big%20Taro%2040LB.jpg,550,4644/8-64590-00018,Caja x40,34.11
Malanga Eddo / Small Taro 35LB,Frutas y Vegetales Frescos,PO Vida,https://insitusales.s3.us-east-1.amazonaws.com/web-app/data/12025/images/products/551_CTD-1215-Malanga%20Eddo%20%20Small%20Taro%2035LB.jpg,551,4794,Caja x35,45.38
Malanga Isleña 35LB,Frutas y Vegetales Frescos,PO Vida,https://insitusales.s3.us-east-1.amazonaws.com/web-app/data/12025/images/products/552_CTD-1216-Malanga%20Isle%C3%B1a%2035LB.jpg,552,8-64590-00023,Caja x35,39.25
Malanga Lila 35LB,Frutas y Vegetales Frescos,,,553,CTD-1217,,132.91
Malta Maltin Polar 4 Sixpack /12 oz Lata,Bebidas,Polar,https://insitusales.s3.us-east-1.amazonaws.com/web-app/data/12025/images/products/203_Malta.png,203,00858810006237,Caja x4,20.99
Mamey / Zapote 25LB,Frutas y Vegetales Frescos,PO Vida,https://insitusales.s3.us-east-1.amazonaws.com/web-app/data/12025/images/products/532_CTD-1196-Mamey%20Zapote%2025LB.jpg,532,4310,Caja x25,67.64
Mamoncillo 25LB,Frutas y Vegetales Frescos,,,533,CTD-1197,,69.32
Mango Indio 22CT,Frutas y Vegetales Frescos,PO Vida,,534,6351,Caja x22,50.63
MANTECA CLOVER 1/454 GR. CJ 50 UNDS,Condimentos,Clover,https://insitusales.s3.us-east-1.amazonaws.com/web-app/data/12025/images/products/284_7981.jpg,284,7421001654109,Por unidad,2.31
Manzano Banana 23LB,Frutas y Vegetales Frescos,,,450,CTD-1111,,27.17
Manzano Pepper Orange 10LB,Frutas y Vegetales Frescos,,,463,CTD-1125,,34.63
Marjoram / Mejorana 12CT,Frutas y Vegetales Frescos,PO Vida,https://insitusales.s3.us-east-1.amazonaws.com/web-app/data/12025/images/products/502_CTD-1166-Marjoram%20%20Mejorana%2012CT.jpg,502,4895/8-64590-00064-8,Caja x12,21.91
MAYONESA BB 1/16 OZ. CJ 32 UNDS.,Condimentos,BB,https://insitusales.s3.us-east-1.amazonaws.com/web-app/data/12025/images/products/103_5430,103,738777100035,Por unidad,2.23
Mc CORMICK MAYONESA 12/725GR,Condimentos,Mc CORMICK,https://insitusales.s3.us-east-1.amazonaws.com/web-app/data/12025/images/products/276_CTD-1014.jpeg,276,CTD-1014,Caja x12,76.25
Miel con Jengibre 24/300ML,Abarrotes,HONEY,https://insitusales.s3.us-east-1.amazonaws.com/web-app/data/12025/images/products/260_WhatsApp%20Image%202026-03-19%20at%2010.07.54.jpeg,260,CTD-1004,Caja x24,137.14
Miel Con Panal Natural 1243oz,Frutas y Vegetales Frescos,,,509,CTD-1173,,104.64
MIRINDA 6/ 1.25 LT PET,Bebidas,Mirinda,https://insitusales.s3.us-east-1.amazonaws.com/web-app/data/12025/images/products/133_1242,133,7421600301497,Caja x6,20.03
MIRINDA VIDRIO 24/12 OZ,Bebidas,Mirinda,https://insitusales.s3.us-east-1.amazonaws.com/web-app/data/12025/images/products/305_1261.jpg,305,708734139262,Caja x24,42.19
ML LA CASCADA KOLASHANPAN 24/20 OZ,Bebidas,La cascada,https://insitusales.s3.us-east-1.amazonaws.com/web-app/data/12025/images/products/135_1450,135,858231552115,Caja x24,20.05
ML LA CASCADA KOLASHANPAN 6/2 LT,Bebidas,La cascada,https://insitusales.s3.us-east-1.amazonaws.com/web-app/data/12025/images/products/139_1461,139,10858231552013,Caja x6,11.99
MZ JAPONES 40/50 GR CJ 6,Snacks y Botanas,Manzela,https://insitusales.s3.us-east-1.amazonaws.com/web-app/data/12025/images/products/170_6268,170,856905003031,Por unidad,13.95
MZ JAPONES PINATERO 50/20 GR CJ 16,Snacks y Botanas,Manzela,https://insitusales.s3.us-east-1.amazonaws.com/web-app/data/12025/images/products/169_6267,169,856905003208,Caja x50,6.15
MZ MANZELAZO 1 PACK 10/148 GR CJ 10,Snacks y Botanas,Manzela,https://insitusales.s3.us-east-1.amazonaws.com/web-app/data/12025/images/products/168_6265,168,856905003239,Por unidad,9.27
Naranja Agria / Sour Orange 30LB,Frutas y Vegetales Frescos,PO Vida,https://insitusales.s3.us-east-1.amazonaws.com/web-app/data/12025/images/products/477_CTD-1140-Naranja%20Agria%20Sour%20Orange%2030LB.jpg,477,3109,Caja x30,43.69
Natural Plantain Chips 1215.86oz,Frutas y Vegetales Frescos,,,517,CTD-1181,,47.98
Naturan Strip Plantain Chips 127.05oz,Frutas y Vegetales Frescos,,,469,CTD-1131,,47.98
NATURAS PASTA DE TOMATE 24/7.1 (200 GRS),Condimentos,Naturas,https://insitusales.s3.us-east-1.amazonaws.com/web-app/data/12025/images/products/161_5468,161,850022820892,Caja x24,38.75
NATURAS SALSA QUESO 24/7.1 (200 GRS),Condimentos,Naturas,https://insitusales.s3.us-east-1.amazonaws.com/web-app/data/12025/images/products/162_5469,162,850022820915,Caja x24,38.75
NATURAS SALSA RANCHERA 24/1.7 (200 GRS,Condimentos,Naturas,https://insitusales.s3.us-east-1.amazonaws.com/web-app/data/12025/images/products/163_5470,163,850022820908,Caja x24,38.75
NATURAS SOFRITO CRIOLLO 24/7.1 OZ (200 GRS),Condimentos,Naturas,https://insitusales.s3.us-east-1.amazonaws.com/web-app/data/12025/images/products/160_5467,160,850022820885,Caja x24,38.75
NESTLE CARNATION CJ48/12OZ,Dulces,NESTLE,https://insitusales.s3.us-east-1.amazonaws.com/web-app/data/12025/images/products/277_CTD-1015.jpeg,277,CTD-1015,Caja x48,73.75
NESTLE LA LECHERA ORIGINAL/CJ48/375GR,Dulces,NESTLE,https://insitusales.s3.us-east-1.amazonaws.com/web-app/data/12025/images/products/275_CTD-1013.jpeg,275,CTD-1013,Caja x48,101.25
NUCITA BALONES BAG 24/15/2.38 OZ,Dulces,NUCITA,https://insitusales.s3.us-east-1.amazonaws.com/web-app/data/12025/images/products/406_CTD-1076.jpeg,406,05-18175-06827-0,Caja x24,34.53
NUCITA CHOCO FRESA DISPLAY 24/16/7.9 OZ,Dulces,NUCITA,https://insitusales.s3.us-east-1.amazonaws.com/web-app/data/12025/images/products/403_CTD-1073.jpeg,403,0175-01088-210737,Caja x24,62.04
NUCITA COINS GOLD BAG 36/12/2.4 Oz,Dulces,NUCITA,https://insitusales.s3.us-east-1.amazonaws.com/web-app/data/12025/images/products/404_CTD-1074.jpeg,404,0175-01088-212588,Caja x36,60.99
NUCITA COINS GOLD JAR 1/ 12/120,Dulces,NUCITA,https://insitusales.s3.us-east-1.amazonaws.com/web-app/data/12025/images/products/408_CTD-1078.jpeg,408,0100-45735-000137,Por unidad,13.45
NUCITA COINS GOLD TRAY 1/ 18/48,Dulces,NUCITA,https://insitusales.s3.us-east-1.amazonaws.com/web-app/data/12025/images/products/407_CTD-1077.jpeg,407,0175-01088-210621,Por unidad,5.63
NUCITA COINS SILVER BAG 36/12/2.4 Oz,Dulces,NUCITA,https://insitusales.s3.us-east-1.amazonaws.com/web-app/data/12025/images/products/405_CTD-1075.jpeg,405,0100-45735-001813,Caja x36,60.99
NUCITA TRISABOR DISPLAY 24/16/7.9 OZ,Dulces,NUCITA,https://insitusales.s3.us-east-1.amazonaws.com/web-app/data/12025/images/products/402_CTD-1072.jpeg,402,0175-01088-210720,Caja x24,62.04
Opo Long Squash 40LB,Frutas y Vegetales Frescos,PO Vida,https://insitusales.s3.us-east-1.amazonaws.com/web-app/data/12025/images/products/445_CTD-1106-Opo%20Long%20Squash%2040LB.jpg,445,3141,Caja x40,62.44
ORANGE CRUSH 6/3 LTS,Bebidas,Crush,https://insitusales.s3.us-east-1.amazonaws.com/web-app/data/12025/images/products/324_1462.jpg,324,7401002300267,Caja x6,25.47
ORANGE CRUSH PLASTICO 12/20 OZ,Bebidas,Crush,https://insitusales.s3.us-east-1.amazonaws.com/web-app/data/12025/images/products/136_1451,136,7401002300168,Caja x12,23.21
ORANGE CRUSH VIDRIO 24/12 OZ,Bebidas,Crush,https://insitusales.s3.us-east-1.amazonaws.com/web-app/data/12025/images/products/306_1262.jpg,306,1262,Caja x24,53.75
Pacaya 1516oz,Frutas y Vegetales Frescos,PO Vida,,478,8-64590-00082-2,Caja x15,76.25
"PAN - HarinaPan de maíz blanco, 4/5 Lb",Harinas,PAN,https://insitusales.s3.us-east-1.amazonaws.com/web-app/data/12025/images/products/204_GOYA%205LB.jpg,204,854675005002,Caja x4,20.50
Papalo 24CT,Frutas y Vegetales Frescos,PO Vida,https://insitusales.s3.us-east-1.amazonaws.com/web-app/data/12025/images/products/503_CTD-1167-Papalo%2024CT.jpg,503,4475,Caja x24,43.36
Papaya Maradol (Blondy) 35LB,Frutas y Vegetales Frescos,PO Vida,,535,3112,Caja x35,37.87
Papaya Maradol (Dolce) 35LB,Frutas y Vegetales Frescos,PO Vida,https://insitusales.s3.us-east-1.amazonaws.com/web-app/data/12025/images/products/536_CTD-1200-Papaya%20Maradol%20%28Dolce%29%2035LB.jpg,536,4395,Caja x35,34.63
Peeled Garlic 20x16oz 2016oz,Frutas y Vegetales Frescos,,,484,CTD-1148,,90.77
Peeled Garlic 24x6oz 246oz,Frutas y Vegetales Frescos,,,485,CTD-1149,,66.20
Peeled Garlic 4x5 4LB,Frutas y Vegetales Frescos,,,486,CTD-1150,,86.66
Penca De Magey 12CT,Frutas y Vegetales Frescos,,,537,CTD-1201,,26.02
PEPSI 12 / 500ML PET,Bebidas,Pepsi,https://insitusales.s3.us-east-1.amazonaws.com/web-app/data/12025/images/products/132_1238,132,7421600300087,Caja x12,14.99
Perejil Curly / Parsley 60CT,Frutas y Vegetales Frescos,,,504,CTD-1168,,28.33
Perejil Italian / Parsley 50CT,Frutas y Vegetales Frescos,,,518,CTD-1182,,30.00
PICAMAS VERDE BOLSA 1/16 OZ. CJ 32 UND,Condimentos,Picamas,https://insitusales.s3.us-east-1.amazonaws.com/web-app/data/12025/images/products/100_5413,100,738777180099,Por unidad,1.96
Piquin / Chiltepe 183oz,Frutas y Vegetales Frescos,PO Vida,https://insitusales.s3.us-east-1.amazonaws.com/web-app/data/12025/images/products/464_CTD-1126-Piquin%20%20Chiltepe%20183oz.jpg,464,86459000070,Caja x18,83.19
Platano Macho 50LB,Frutas y Vegetales Frescos,PO Vida,https://insitusales.s3.us-east-1.amazonaws.com/web-app/data/12025/images/products/451_CTD-1113-Platano%20Macho%2050LB.jpg,451,4235,Caja x50,34.63
Pomelo Green 9CT,Frutas y Vegetales Frescos,,,538,CTD-1202,,54.29
Pomelo Red 9CT,Frutas y Vegetales Frescos,,,539,CTD-1203,,30.64
Purple Sweet Patatoe / Morado 30LB,Frutas y Vegetales Frescos,,,554,CTD-1218,,56.08
PZ CLUB EXTRA 24/ 10.5 OZ,Galletas,Pozuelo,https://insitusales.s3.us-east-1.amazonaws.com/web-app/data/12025/images/products/149_5247,149,086581211318,Caja x24,67.61
PZ CREMA CHOCO-VAINILLA (MIXTAS) 24/ 13.3 OZ,Galletas,Pozuelo,https://insitusales.s3.us-east-1.amazonaws.com/web-app/data/12025/images/products/150_5248,150,86581005085,Caja x24,74.99
PZ CREMA STAR 24/ 9.3 OZ,Galletas,Pozuelo,https://insitusales.s3.us-east-1.amazonaws.com/web-app/data/12025/images/products/151_5249,151,086581005092,Caja x24,63.59
PZ MANTEQUILLA 30/ 6 OZ,Galletas,Pozuelo,https://insitusales.s3.us-east-1.amazonaws.com/web-app/data/12025/images/products/153_5253,153,086581007324,Caja x30,52.08
PZ TIPO 14/ 10.6 OZ,Galletas,Pozuelo,https://insitusales.s3.us-east-1.amazonaws.com/web-app/data/12025/images/products/152_5251,152,086581007690,Caja x14,47.35
Quelite 24CT,Frutas y Vegetales Frescos,PO Vida,https://insitusales.s3.us-east-1.amazonaws.com/web-app/data/12025/images/products/540_CTD-1204-Quelite%2024CT.jpg,540,3478/8-64590-00038-9,Caja x24,24.26
Rabano / Radish 24CT,Frutas y Vegetales Frescos,PO Vida,https://insitusales.s3.us-east-1.amazonaws.com/web-app/data/12025/images/products/565_CTD-1229-Rabano%20%20Radish%2024CT.jpg,565,4089,Caja x24,24.86
Rambutan 15LB,Frutas y Vegetales Frescos,PO Vida,https://insitusales.s3.us-east-1.amazonaws.com/web-app/data/12025/images/products/479_CTD-1142-Rambutan%2015LB.jpg,479,3041,Caja x15,61.19
Red Banana 33LB,Frutas y Vegetales Frescos,,,452,CTD-1114,,35.79
Red Dragon Fruit 10LB,Frutas y Vegetales Frescos,PO Vida,https://insitusales.s3.us-east-1.amazonaws.com/web-app/data/12025/images/products/480_CTD-1143-Red%20Dragon%20Fruit%2010LB.jpg,480,3551,Caja x10,46.19
REFRESHING FRUIT ALOE VERA COCONUT 12/ 1.5 LTS,Bebidas,Refreshing Fruit,https://insitusales.s3.us-east-1.amazonaws.com/web-app/data/12025/images/products/39_1193,39,08101189902290,Caja x12,27.58
REFRESHING FRUIT ALOE VERA COCONUT 24/ 500 ML.,Bebidas,Refreshing Fruit,https://insitusales.s3.us-east-1.amazonaws.com/web-app/data/12025/images/products/43_1197,43,810118990267,Caja x24,24.99
REFRESHING FRUIT ALOE VERA MANGO 12/ 1.5 LTS,Bebidas,Refreshing Fruit,https://insitusales.s3.us-east-1.amazonaws.com/web-app/data/12025/images/products/40_1194,40,810118990236,Caja x12,27.58
REFRESHING FRUIT ALOE VERA MANGO 24/ 500 ML.,Bebidas,Refreshing Fruit,https://insitusales.s3.us-east-1.amazonaws.com/web-app/data/12025/images/products/44_1198,44,810118990274,Caja x24,24.99
REFRESHING FRUIT ALOE VERA ORIGINAL 12/ 1.5 LTS,Bebidas,Refreshing Fruit,https://insitusales.s3.us-east-1.amazonaws.com/web-app/data/12025/images/products/41_1195,41,810118990243,Caja x12,27.58
REFRESHING FRUIT ALOE VERA ORIGINAL 24/ 500 ML.,Bebidas,Refreshing Fruit,https://insitusales.s3.us-east-1.amazonaws.com/web-app/data/12025/images/products/45_1199,45,810118990281,Caja x24,24.99
REFRESHING FRUIT ALOE VERA PINEAPPLE 12/ 1.5 LTS,Bebidas,Refreshing Fruit,https://insitusales.s3.us-east-1.amazonaws.com/web-app/data/12025/images/products/42_1196,42,810118990250,Caja x12,27.58
REFRESHING FRUIT ALOE VERA PINEAPPLE 24/ 500 ML.,Bebidas,Refreshing Fruit,https://insitusales.s3.us-east-1.amazonaws.com/web-app/data/12025/images/products/46_1200,46,810118990298,Caja x24,24.99
REFRESHING FRUIT ALOE VERA WATERMELON 24/ 500 ML.,Bebidas,Refreshing Fruit,https://insitusales.s3.us-east-1.amazonaws.com/web-app/data/12025/images/products/38_1192,38,810118992926,Caja x24,24.99
REFRESHING FRUIT APPLE/CARROT JUICE 8/25.4 OZ,Bebidas,Refreshing Fruit,https://insitusales.s3.us-east-1.amazonaws.com/web-app/data/12025/images/products/50_1204,50,850026673180,Caja x8,13.95
REFRESHING FRUIT BOTELLA COCONUTWATER / PULP 24/ 290 ML.,Bebidas,Refreshing Fruit,https://insitusales.s3.us-east-1.amazonaws.com/web-app/data/12025/images/products/36_1188,36,810118990182,Caja x24,17.52
REFRESHING FRUIT BUBBLE MILK TEA MANGO 12/ 490 ML,Bebidas,Refreshing Fruit,https://insitusales.s3.us-east-1.amazonaws.com/web-app/data/12025/images/products/25_1150,25,810118992407,Caja x12,17.52
REFRESHING FRUIT BUBBLE MILK TEA PEACH 12/ 490 ML,Bebidas,Refreshing Fruit,https://insitusales.s3.us-east-1.amazonaws.com/web-app/data/12025/images/products/24_1149,24,810118992414,Caja x12,17.52
REFRESHING FRUIT BUBBLE MILK TEA STRAWBERRY 12/ 490 ML,Bebidas,Refreshing Fruit,https://insitusales.s3.us-east-1.amazonaws.com/web-app/data/12025/images/products/23_1148,23,810118992391,Caja x12,17.52
REFRESHING FRUIT CHIA COCKTAIL DE FRUTAS 24/ 9.8 OZ,Bebidas,Refreshing Fruit,https://insitusales.s3.us-east-1.amazonaws.com/web-app/data/12025/images/products/17_1112,17,810118991141,Caja x24,28.99
REFRESHING FRUIT CHIA GUANABANA 24/9.8 OZ,Bebidas,Refreshing Fruit,https://insitusales.s3.us-east-1.amazonaws.com/web-app/data/12025/images/products/338_1118.jpg,338,810118990052,Caja x24,28.99
REFRESHING FRUIT CHIA KIWI 24/9.8OZ,Bebidas,Refreshing Fruit,https://insitusales.s3.us-east-1.amazonaws.com/web-app/data/12025/images/products/21_1116,21,810118991479,Caja x12,28.99
REFRESHING FRUIT CHIA MANGO 24/9.8OZ,Bebidas,Refreshing Fruit,https://insitusales.s3.us-east-1.amazonaws.com/web-app/data/12025/images/products/22_1117,22,810118991509,Caja x24,28.99
REFRESHING FRUIT CHIA PEACH 24/9.8OZ,Bebidas,Refreshing Fruit,https://insitusales.s3.us-east-1.amazonaws.com/web-app/data/12025/images/products/19_1114,19,810118991486,Caja x24,28.99
REFRESHING FRUIT CHIA PINA 24/ 9.8 OZ,Bebidas,Refreshing Fruit,https://insitusales.s3.us-east-1.amazonaws.com/web-app/data/12025/images/products/18_1113,18,810118991158,Caja x24,28.99
REFRESHING FRUIT CHIA STRAWBERRY 24/9.8OZ,Bebidas,Refreshing Fruit,https://insitusales.s3.us-east-1.amazonaws.com/web-app/data/12025/images/products/20_1115,20,810118991493,Caja x24,28.99
REFRESHING FRUIT COCONUT WATER WITH PULP BOTTLE 12/ 485ML (16.4 OZ),Bebidas,Refreshing Fruit,https://insitusales.s3.us-east-1.amazonaws.com/web-app/data/12025/images/products/37_1190,37,810118991028,Caja x12,18.00
REFRESHING FRUIT GREEN MULTIVITAMIN JUICE 8/25.4 OZ.,Bebidas,Refreshing Fruit,https://insitusales.s3.us-east-1.amazonaws.com/web-app/data/12025/images/products/51_1205,51,850026673203,Caja x8,13.95
REFRESHING FRUIT HIBISCUS TEA MIXBERRIES 12/ 470 ML.,Bebidas,Refreshing Fruit,https://insitusales.s3.us-east-1.amazonaws.com/web-app/data/12025/images/products/266_1155.jpg,266,810118992469,Caja x12,24.29
REFRESHING FRUIT HIBISCUS TEA ORIGINAL 12/ 470 ML.,Bebidas,Refreshing Fruit,https://insitusales.s3.us-east-1.amazonaws.com/web-app/data/12025/images/products/265_1154.jpg,265,810118992452,Caja x12,24.29
REFRESHING FRUIT KIDS BLUE BERRY 24 /320 ML.,Bebidas,Refreshing Fruit,https://insitusales.s3.us-east-1.amazonaws.com/web-app/data/12025/images/products/53_1210,53,810118991233,Caja x24,19.99
REFRESHING FRUIT KIDS FRUIT PUNCH 24 /320 ML.,Bebidas,Refreshing Fruit,https://insitusales.s3.us-east-1.amazonaws.com/web-app/data/12025/images/products/54_1211,54,810118991257,Caja x24,19.99
REFRESHING FRUIT KIDS RED GRAPE 24 /320 ML.,Bebidas,Refreshing Fruit,https://insitusales.s3.us-east-1.amazonaws.com/web-app/data/12025/images/products/55_1212,55,810118991240,Caja x24,19.99
REFRESHING FRUIT LATA AGUA DE COCO CON PULPA 24/ 500 ML.,Bebidas,Refreshing Fruit,https://insitusales.s3.us-east-1.amazonaws.com/web-app/data/12025/images/products/131_1189,131,810118990175,Caja x24,30.48
REFRESHING FRUIT LATA APPLE 24/ 500 ML.,Bebidas,Refreshing Fruit,https://insitusales.s3.us-east-1.amazonaws.com/web-app/data/12025/images/products/5_1097,5,810118990014,Caja x24,28.99
REFRESHING FRUIT LATA DRAGON FRUIT 24/500ML,Bebidas,Refreshing Fruit,https://insitusales.s3.us-east-1.amazonaws.com/web-app/data/12025/images/products/13_1107,13,810118991448,Caja x24,28.99
REFRESHING FRUIT LATA GUANABANA 24/500ML,Bebidas,Refreshing Fruit,https://insitusales.s3.us-east-1.amazonaws.com/web-app/data/12025/images/products/127_1101,127,810118991417,Caja x24,28.99
REFRESHING FRUIT LATA GUAYABA 24/500ML,Bebidas,Refreshing Fruit,https://insitusales.s3.us-east-1.amazonaws.com/web-app/data/12025/images/products/9_1102,9,810118991424,Caja x24,28.99
REFRESHING FRUIT LATA HORCHATA CANELA 24/500ML,Bebidas,Refreshing Fruit,https://insitusales.s3.us-east-1.amazonaws.com/web-app/data/12025/images/products/129_1125,129,810118991516,Caja x24,39.99
REFRESHING FRUIT LATA HORCHATA DE MORRO 24/500ML,Bebidas,Refreshing Fruit,https://insitusales.s3.us-east-1.amazonaws.com/web-app/data/12025/images/products/130_1126,130,810118991523,Caja x50,39.99
REFRESHING FRUIT LATA LYCHEE 24/500ML,Bebidas,Refreshing Fruit,https://insitusales.s3.us-east-1.amazonaws.com/web-app/data/12025/images/products/14_1108,14,810118991462,Caja x24,28.99
REFRESHING FRUIT LATA MANGO 24/500ML,Bebidas,Refreshing Fruit,https://insitusales.s3.us-east-1.amazonaws.com/web-app/data/12025/images/products/10_1103,10,810118991394,Caja x24,28.99
REFRESHING FRUIT LATA MARACUYA 24/500ML,Bebidas,Refreshing Fruit,https://insitusales.s3.us-east-1.amazonaws.com/web-app/data/12025/images/products/11_1104,11,810118991400,Caja x24,28.99
REFRESHING FRUIT LATA PAPAYA 24/500ML,Bebidas,Refreshing Fruit,https://insitusales.s3.us-east-1.amazonaws.com/web-app/data/12025/images/products/12_1106,12,810118991455,Caja x24,28.99
REFRESHING FRUIT LATA PEACH 24/ 500 ML.,Bebidas,Refreshing Fruit,https://insitusales.s3.us-east-1.amazonaws.com/web-app/data/12025/images/products/8_1100,8,810118990045,Caja x24,28.99
REFRESHING FRUIT LATA PINA 24/500ML,Bebidas,Refreshing Fruit,https://insitusales.s3.us-east-1.amazonaws.com/web-app/data/12025/images/products/128_1105,128,810118991431,Caja x24,28.99
REFRESHING FRUIT LATA TAMARIND JUICE 24/450ML,Bebidas,Refreshing Fruit,https://insitusales.s3.us-east-1.amazonaws.com/web-app/data/12025/images/products/15_1109,15,810118992803,Caja x24,28.99
REFRESHING FRUIT LATA TROPICAL PUNCH 24/ 500 ML.,Bebidas,Refreshing Fruit,https://insitusales.s3.us-east-1.amazonaws.com/web-app/data/12025/images/products/6_1098,6,810118990021,Caja x24,28.99
REFRESHING FRUIT LATA ZAPOTE/MAMEY 24/ 500 ML.,Bebidas,Refreshing Fruit,https://insitusales.s3.us-east-1.amazonaws.com/web-app/data/12025/images/products/7_1099,7,810118990038,Caja x24,28.99
REFRESHING FRUIT LYCHEE ICED TEA 12/ 470 ML.,Bebidas,Refreshing Fruit,https://insitusales.s3.us-east-1.amazonaws.com/web-app/data/12025/images/products/263_1152.jpg,263,810118992421,Caja x12,24.29
REFRESHING FRUIT MANGO ICED TEA 12/ 470 ML.,Bebidas,Refreshing Fruit,https://insitusales.s3.us-east-1.amazonaws.com/web-app/data/12025/images/products/264_1153.jpg,264,810118992438,Caja x12,24.29
REFRESHING FRUIT MANGO/CARROT JUICE 8/25.4 OZ,Bebidas,Refreshing Fruit,https://insitusales.s3.us-east-1.amazonaws.com/web-app/data/12025/images/products/47_1201,47,850026673173,Caja x8,13.95
REFRESHING FRUIT MOTAS DE GUANABANA (DOYPACK WITH ZIPPER) 12/454GR,Congelados,Refreshing Fruit,https://insitusales.s3.us-east-1.amazonaws.com/web-app/data/12025/images/products/292_8607.png,292,810118993077,Caja x12,57.13
REFRESHING FRUIT NATA BANANA 12/ 490 ML.,Bebidas,Refreshing Fruit,https://insitusales.s3.us-east-1.amazonaws.com/web-app/data/12025/images/products/29_1171,29,81011991134,Caja x12,28.00
REFRESHING FRUIT NATA GUANABANA 12/ 490 ML.,Bebidas,Refreshing Fruit,https://insitusales.s3.us-east-1.amazonaws.com/web-app/data/12025/images/products/28_1170,28,8101189911278,Caja x12,28.00
REFRESHING FRUIT NATA MANGO 12/ 290 ML.,Bebidas,Refreshing Fruit,https://insitusales.s3.us-east-1.amazonaws.com/web-app/data/12025/images/products/32_1174,32,810118990403,Caja x12,17.72
REFRESHING FRUIT NATA MANGO 12/ 490 ML.,Bebidas,Refreshing Fruit,https://insitusales.s3.us-east-1.amazonaws.com/web-app/data/12025/images/products/35_1178,35,810118990441,Caja x12,28.00
REFRESHING FRUIT NATA ORIGINAL 12/ 290 ML.,Bebidas,Refreshing Fruit,https://insitusales.s3.us-east-1.amazonaws.com/web-app/data/12025/images/products/30_1172,30,810118990380,Caja x12,17.72
REFRESHING FRUIT NATA ORIGINAL 12/ 490 ML.,Bebidas,Refreshing Fruit,https://insitusales.s3.us-east-1.amazonaws.com/web-app/data/12025/images/products/33_1176,33,810118990427,Caja x12,28.00
REFRESHING FRUIT NATA PAPAYA 12/ 490 ML.,Bebidas,Refreshing Fruit,https://insitusales.s3.us-east-1.amazonaws.com/web-app/data/12025/images/products/27_1169,27,810118991110,Caja x12,28.00
REFRESHING FRUIT NATA PINA 12/ 490 ML.,Bebidas,Refreshing Fruit,https://insitusales.s3.us-east-1.amazonaws.com/web-app/data/12025/images/products/26_1168,26,810118991103,Caja x12,28.00
REFRESHING FRUIT NATA STRAWBERRY 12/ 290 ML.,Bebidas,Refreshing Fruit,https://insitusales.s3.us-east-1.amazonaws.com/web-app/data/12025/images/products/31_1173,31,810118990397,Caja x12,17.72
REFRESHING FRUIT NATA STRAWBERRY 12/ 490 ML.,Bebidas,Refreshing Fruit,https://insitusales.s3.us-east-1.amazonaws.com/web-app/data/12025/images/products/34_1177,34,810118990434,Caja x12,28.00
REFRESHING FRUIT ORANGE JUICE 24/450ML,Bebidas,Refreshing Fruit,https://insitusales.s3.us-east-1.amazonaws.com/web-app/data/12025/images/products/16_1110,16,810118992810,Caja x24,35.95
REFRESHING FRUIT ORANGE/CARROT JUICE 8/25.4 OZ,Bebidas,Refreshing Fruit,https://insitusales.s3.us-east-1.amazonaws.com/web-app/data/12025/images/products/48_1202,48,850026673159,Caja x8,13.95
REFRESHING FRUIT PEACH ICED TEA 12/ 470 ML.,Bebidas,Refreshing Fruit,https://insitusales.s3.us-east-1.amazonaws.com/web-app/data/12025/images/products/262_1151.jpg,262,810118992445,Caja x12,24.29
REFRESHING FRUIT PEACH/CARROT JUICE 8/25.4 OZ.,Bebidas,Refreshing Fruit,https://insitusales.s3.us-east-1.amazonaws.com/web-app/data/12025/images/products/52_1206,52,850026673166,Caja x8,13.95
REFRESHING FRUIT PINEAPPLE/CARROT JUICE 8/25.4 OZ,Bebidas,Refreshing Fruit,https://insitusales.s3.us-east-1.amazonaws.com/web-app/data/12025/images/products/49_1203,49,850026673197,Caja x8,13.95
REFRESHING FRUIT PULPA MARACUYA CON SEMILLAS (DOYPACK WITH ZIPPER) 12/454GR,Congelados,Refreshing Fruit,https://insitusales.s3.us-east-1.amazonaws.com/web-app/data/12025/images/products/285_8608.png,285,810118993084,Caja x12,57.13
REFRESHING FRUIT PULPA MORA (DOYPACK WITH ZIPPER) 12/454GR,Congelados,Refreshing Fruit,https://insitusales.s3.us-east-1.amazonaws.com/web-app/data/12025/images/products/293_8609.png,293,810118993091,Caja x12,57.13
REFRESHING FRUITLATA ZERO SUGAR MANGO LEMONADE 24/490ML,Bebidas,Refreshing Fruit,https://insitusales.s3.us-east-1.amazonaws.com/web-app/data/12025/images/products/369_1216.jpg,369,810118993251,Caja x24,28.99
REFRESHING FRUITLATA ZERO SUGAR PASSION FRUIT LEMONADE 24/490ML,Bebidas,Refreshing Fruit,https://insitusales.s3.us-east-1.amazonaws.com/web-app/data/12025/images/products/370_1218.jpg,370,810118993251,Caja x24,28.99
REFRESHING FRUITLATA ZERO SUGAR STRAWBERRYLEMONADE 24/490ML,Bebidas,Refreshing Fruit,https://insitusales.s3.us-east-1.amazonaws.com/web-app/data/12025/images/products/371_1217.jpg,371,810118993268,Caja x24,28.99
RF BARRILITO HOT MIX  1/14.5OZ /CJ 11,Dulces,Refreshing Fruit,https://insitusales.s3.us-east-1.amazonaws.com/web-app/data/12025/images/products/226_6412,226,810118990588,Por unidad,5.88
RF BARRILITO MIX 1/14.5OZ / CJ11,Dulces,Refreshing Fruit,https://insitusales.s3.us-east-1.amazonaws.com/web-app/data/12025/images/products/225_6411,225,810118990571,Por unidad,5.88
RF CHAMOY MANGO RIM DIP 1/ 7.25 OZ (206 GR)/CJ16,Dulces,Refreshing Fruit,https://insitusales.s3.us-east-1.amazonaws.com/web-app/data/12025/images/products/231_6456,231,810118990892,Por unidad,4.20
RF CHAMOY RIM DIP  1/ 7.25 OZ (206 GR)/CJ16,Dulces,Refreshing Fruit,https://insitusales.s3.us-east-1.amazonaws.com/web-app/data/12025/images/products/232_6457,232,810118990892,Por unidad,4.20
RF GOMA PICANTE BEARS  1/7.25 OZ (206 GR)/CJ 16,Dulces,Refreshing Fruit,https://insitusales.s3.us-east-1.amazonaws.com/web-app/data/12025/images/products/227_6450,227,810118990830,Por unidad,4.20
RF GOMA PICANTE BEARS (BOLSA) 1 PK. 6/ 3.1 OZ,Dulces,Refreshing Fruit,https://insitusales.s3.us-east-1.amazonaws.com/web-app/data/12025/images/products/236_6462,236,810118992254,Por unidad,12.17
RF GOMA PICANTE MANGO (BOLSA) 1 PK. 6/ 3.1 OZ,Dulces,Refreshing Fruit,https://insitusales.s3.us-east-1.amazonaws.com/web-app/data/12025/images/products/234_6460,234,810118992261,Por unidad,12.17
RF GOMA PICANTE MANGO 1/ 7.25 OZ (206 GR)/CJ 16,Dulces,Refreshing Fruit,https://insitusales.s3.us-east-1.amazonaws.com/web-app/data/12025/images/products/228_6451,228,810118990885,Por unidad,4.20
RF GOMA PICANTE PEACH 1 / 7.25 OZ (206 GR) /CJ16,Dulces,Refreshing Fruit,https://insitusales.s3.us-east-1.amazonaws.com/web-app/data/12025/images/products/229_6452,229,810118990878,Por unidad,4.20
RF GOMA PICANTE PINEAPPLE (BOLSA) 1 PK. 6/ 3.1 OZ,Dulces,Refreshing Fruit,https://insitusales.s3.us-east-1.amazonaws.com/web-app/data/12025/images/products/233_6459,233,810118992285,Por unidad,12.17
RF GOMA PICANTE WATERMELON (BOLSA) 1 PK. 6/ 3.1 OZ,Dulces,Refreshing Fruit,https://insitusales.s3.us-east-1.amazonaws.com/web-app/data/12025/images/products/235_6461,235,810118992278,Por unidad,12.17
RF GOMA PICANTE WATERMELON 1/ 7.25 OZ (206 GR)/CJ16,Dulces,Refreshing Fruit,https://insitusales.s3.us-east-1.amazonaws.com/web-app/data/12025/images/products/230_6455,230,810118990861,Por unidad,4.20
RICA SULA CHURROS FUTBOLITO 36/80 GR,Snacks y Botanas,Rica Sula,https://insitusales.s3.us-east-1.amazonaws.com/web-app/data/12025/images/products/171_6280,171,730406000457,Caja x36,37.56
RICA SULA GOLAZO 36/80 GR,Snacks y Botanas,Rica Sula,https://insitusales.s3.us-east-1.amazonaws.com/web-app/data/12025/images/products/172_6281,172,730406003946,Caja x36,38.16
RICA SULA PLATANITO (TAJADA SOLA) 36/150 GR,Snacks y Botanas,Rica Sula,https://insitusales.s3.us-east-1.amazonaws.com/web-app/data/12025/images/products/173_6282,173,730406001010,Caja x36,74.37
Rue / Ruda 12CT,Frutas y Vegetales Frescos,PO Vida,https://insitusales.s3.us-east-1.amazonaws.com/web-app/data/12025/images/products/505_CTD-1169-Rue%20Ruda%2012CT.jpg,505,4733,Caja x12,23.07
SALTIN CRACKERS PACK 12/7.05 OZ,Snacks y Botanas,SALTIN,https://insitusales.s3.us-east-1.amazonaws.com/web-app/data/12025/images/products/378_CTD-1049.jpeg,378,0200-47416-051824,Caja x12,23.55
SALTIN Q&M; CRACKERS PACK 12/7.93 OZ,Snacks y Botanas,SALTIN,https://insitusales.s3.us-east-1.amazonaws.com/web-app/data/12025/images/products/379_CTD-1050.jpeg,379,0200-47416-052968,Caja x12,23.55
SALTIN WHEAT CRACKERS PACK 12/9.73OZ,Snacks y Botanas,SALTIN,https://insitusales.s3.us-east-1.amazonaws.com/web-app/data/12025/images/products/381_CTD-1051.jpeg,381,0200-47416-051961,Caja x12,23.87
San Marcos Whole Jalapeno Peppers 26 oz.,Conservas,San Marcos,https://insitusales.s3.us-east-1.amazonaws.com/web-app/data/12025/images/products/209_CTD%20-1004.jpg,209,74234991120,Por unidad,16.97
Sand Pear 32CT,Frutas y Vegetales Frescos,,,541,CTD-1205,,33.47
Sello Rojo Fuerte 6/10oz GRD,Abarrotes,SELLO ROJO,https://insitusales.s3.us-east-1.amazonaws.com/web-app/data/12025/images/products/399_CTD-1069.jpeg,399,0100-17202-103627,Caja x6,43.97
SELLO ROJO GROUND COFFEE TRADICIONAL 5/16OZ,Abarrotes,SELLO ROJO,https://insitusales.s3.us-east-1.amazonaws.com/web-app/data/12025/images/products/401_CTD-1071.jpeg,401,0100-17202-005297,Caja x5,54.29
Sello Rojo Intenso 6/10oz GRD,Abarrotes,SELLO ROJO,https://insitusales.s3.us-east-1.amazonaws.com/web-app/data/12025/images/products/400_CTD-1070.jpeg,400,0100-17202-103641,Caja x6,43.97
Sello Rojo Tradicional 6/10oz GRD,Abarrotes,SELLO ROJO,https://insitusales.s3.us-east-1.amazonaws.com/web-app/data/12025/images/products/398_CTD-1052.jpeg,398,0100-17202-201392,Caja x6,43.97
SENORIAL CHOBIX BARBECUE 12/100GRS,Snacks y Botanas,Senorial,https://insitusales.s3.us-east-1.amazonaws.com/web-app/data/12025/images/products/343_6244.jpg,343,081537305974,Caja x12,22.56
SENORIAL CHOBIX CHIPOTLE 12/100GRS,Snacks y Botanas,Senorial,https://insitusales.s3.us-east-1.amazonaws.com/web-app/data/12025/images/products/344_6245.jpg,344,081537305967,Caja x12,22.56
SHAKA LAKA CHOCOLATE 24X200 ML,Bebidas,Shaka laka,https://insitusales.s3.us-east-1.amazonaws.com/web-app/data/12025/images/products/339_1550.jpg,339,740100507315,Caja x24,21.84
SHAKA LAKA FRESA 24X200 ML,Bebidas,Shaka Laka,https://insitusales.s3.us-east-1.amazonaws.com/web-app/data/12025/images/products/140_1551,140,7401001507308,Caja x24,21.84
SHAKA LAKA VAINILLA 24X200 ML,Bebidas,Shaka Laka,https://insitusales.s3.us-east-1.amazonaws.com/web-app/data/12025/images/products/141_1552,141,7401001507278,Caja x24,21.84
Squash Blossom / Flor Calabaza 15CT,Frutas y Vegetales Frescos,,,506,CTD-1170,,46.83
Starfruit 30CT,Frutas y Vegetales Frescos,PO Vida,https://insitusales.s3.us-east-1.amazonaws.com/web-app/data/12025/images/products/481_CTD-1144-Starfruit%2030CT.jpg,481,4256,Caja x30,28.85
Sugar Cane Green Stick 10CT,Frutas y Vegetales Frescos,,,542,CTD-1206,,20.75
Sugar Cane Red Stick 10CT,Frutas y Vegetales Frescos,,,543,CTD-1207,,21.39
Syrup Black Vanilla 1233.8oz,Frutas y Vegetales Frescos,,,519,CTD-1183,,104.64
Syrup Guanabana 1233.8oz,Frutas y Vegetales Frescos,PO Vida,,520,86459000301,Caja x12,104.64
Syrup Mango Chamoy 1233.8oz,Frutas y Vegetales Frescos,,,521,CTD-1185,,104.64
Syrup Passhion Fruit 1233.8oz,Frutas y Vegetales Frescos,,,522,CTD-1186,,104.64
Syrup Strawberry / Fresa 1233.8oz,Frutas y Vegetales Frescos,PO Vida,,523,86459000304,Caja x12,104.64
Syrup Tamarind 1233.8oz,Frutas y Vegetales Frescos,,,524,CTD-1188,,104.64
Tatuma Squash 36LB,Frutas y Vegetales Frescos,PO Vida,https://insitusales.s3.us-east-1.amazonaws.com/web-app/data/12025/images/products/566_CTD-1230-Tatuma%20Squash%2036LB.jpg,566,4788,Caja x36,38.73
Thai Banana 35LB,Frutas y Vegetales Frescos,,,453,CTD-1115,,26.02
Thai Chil Green 30LB,Frutas y Vegetales Frescos,,,544,CTD-1208,,92.44
Thai Eggplant 40LB,Frutas y Vegetales Frescos,PO Vida,,446,3090,Caja x40,33.47
Thai Guava 20LB,Frutas y Vegetales Frescos,PO Vida,https://insitusales.s3.us-east-1.amazonaws.com/web-app/data/12025/images/products/545_CTD-1209-Thai%20Guava%2020LB.jpg,545,4152,Caja x20,57.75
Thyme / Tomillo 12CT,Frutas y Vegetales Frescos,PO Vida,https://insitusales.s3.us-east-1.amazonaws.com/web-app/data/12025/images/products/507_CTD-1171-Thyme%20Tomillo%2012CT.jpg,507,4907/8-64590-00063-1,Caja x12,21.91
TIKY (PLASTICO) 12/20 OZ,Bebidas,Tiky,https://insitusales.s3.us-east-1.amazonaws.com/web-app/data/12025/images/products/137_1452,137,7401002303114,Caja x12,23.21
TIKY 24/12OZ (VIDRIO),Bebidas,Tiky,https://insitusales.s3.us-east-1.amazonaws.com/web-app/data/12025/images/products/307_1266.jpg,307,1266,Caja x24,53.75
TIKY 6/3 LTS,Bebidas,Tiky,https://insitusales.s3.us-east-1.amazonaws.com/web-app/data/12025/images/products/321_1463.jpg,321,7401002303206,Caja x6,25.47
TOOPS CHOCOLATE 12/ 7.8 OZ. / 220 GR.,Dulces,Toops,https://insitusales.s3.us-east-1.amazonaws.com/web-app/data/12025/images/products/297_CTD-1018.jpeg,297,7707200710304,Caja x12,34.29
TOOPS DULCE DE LECHE 12/7.8 OZ./ 220 GR.,Dulces,Toops,https://insitusales.s3.us-east-1.amazonaws.com/web-app/data/12025/images/products/296_CTD-1017.jpeg,296,7707200710311,Caja x12,34.29
TORTILLAS SENORIAL 24/100 GR,Snacks y Botanas,Senorial,https://insitusales.s3.us-east-1.amazonaws.com/web-app/data/12025/images/products/347_6253.jpg,347,081537305363,Caja x24,42.11
TORTRIX BARBACOA 32/6.35 OZ,Snacks y Botanas,Tortrix,https://insitusales.s3.us-east-1.amazonaws.com/web-app/data/12025/images/products/166_6250,166,721282300083,Caja x32,69.87
TORTRIX LIMON 32/6.35 OZ,Snacks y Botanas,Tortrix,https://insitusales.s3.us-east-1.amazonaws.com/web-app/data/12025/images/products/167_6251,167,721282300113,Caja x32,69.87
TORTRIX PICANTE 32/6.35 OZ,Snacks y Botanas,Tortrix,https://insitusales.s3.us-east-1.amazonaws.com/web-app/data/12025/images/products/346_6252.jpg,346,721282302100,Caja x32,80.23
TORTRIX TACO CHILERO 24/6 OZ,Snacks y Botanas,Tortrix,https://insitusales.s3.us-east-1.amazonaws.com/web-app/data/12025/images/products/348_6257.jpg,348,721282408383,Caja x24,69.64
TORTRIX TACO SALSA 32/6.35 OZ,Snacks y Botanas,Tortrix,https://insitusales.s3.us-east-1.amazonaws.com/web-app/data/12025/images/products/345_6249.jpg,345,721282301233,Caja x32,70.20
Tostones Chile Limon Chips 1212.35oz,Frutas y Vegetales Frescos,PO Vida,,470,8-64590-00315,Caja x12,47.99
TROPICAL BANANA 24 X 12 OZ,Bebidas,Tropical,https://insitusales.s3.us-east-1.amazonaws.com/web-app/data/12025/images/products/279_1267.jpg,279,718603947621,Caja x24,35.00
TROPICAL BANANA 6/2.0 LTS,Bebidas,Tropical,https://insitusales.s3.us-east-1.amazonaws.com/web-app/data/12025/images/products/322_1464.jpg,322,784562016500,Caja x6,23.50
TROPICAL UVA 24 X 12 OZ,Bebidas,Tropical,https://insitusales.s3.us-east-1.amazonaws.com/web-app/data/12025/images/products/280_1268.jpg,280,718603947638,Caja x24,32.80
TROPICAL UVA 6/2 LTS,Bebidas,Tropical,https://insitusales.s3.us-east-1.amazonaws.com/web-app/data/12025/images/products/323_1465.jpg,323,784562014506,Caja x6,23.50
TUMBIS PLATANO SHIPPER 30/350 GR,Snacks y Botanas,Tumbis,https://insitusales.s3.us-east-1.amazonaws.com/web-app/data/12025/images/products/165_6199,165,744300713095,Caja x30,180.00
Turmerick 30LB,Frutas y Vegetales Frescos,PO Vida,https://insitusales.s3.us-east-1.amazonaws.com/web-app/data/12025/images/products/555_CTD-1219-Turmerick%2030LB.jpg,555,5804,Caja x30,112.38
Verdolaga 24CT,Frutas y Vegetales Frescos,PO Vida,https://insitusales.s3.us-east-1.amazonaws.com/web-app/data/12025/images/products/508_CTD-1172-Verdolaga%2024CT.jpg,508,4916,Caja x24,27.86
VIVE 100 SABOR BLUEBERRY 24/500ML,Bebidas,Vive100,https://insitusales.s3.us-east-1.amazonaws.com/web-app/data/12025/images/products/569_CTD-1234.jpeg,569,CTD-1233,Caja x24,32.86
VIVE100 ORIGINAL 24/500 ML,Bebidas,Vive100,https://insitusales.s3.us-east-1.amazonaws.com/web-app/data/12025/images/products/316_CTD-1024.jpeg,316,CTD-1024,Caja x24,27.50
W. Murcotts 22LB,Frutas y Vegetales Frescos,,,546,CTD-1210,,31.80
White Dragon Fruit (Blanco) 10LB,Frutas y Vegetales Frescos,,,482,CTD-1146,,35.79
Xoconostle 38LB,Frutas y Vegetales Frescos,PO Vida,https://insitusales.s3.us-east-1.amazonaws.com/web-app/data/12025/images/products/567_CTD-1231-Xoconostle%2038LB.jpg,567,4478,Caja x38,45.67
Y VIVE 100 SABOR FUZION 24/500ML,Bebidas,Vive100,https://insitusales.s3.us-east-1.amazonaws.com/web-app/data/12025/images/products/570_CTD-1234.jpeg,570,CTD-1234,Caja x24,32.86
Yame Amarillo / Yellow Yam 40LB,Frutas y Vegetales Frescos,PO Vida,https://insitusales.s3.us-east-1.amazonaws.com/web-app/data/12025/images/products/556_CTD-1220-Yame%20Amarillo%20%20Yellow%20Yam%2040LB.jpg,556,4818,Caja x40,263.05
Yame Blanco / White Yam 40LB,Frutas y Vegetales Frescos,,,557,CTD-1221,,46.19
Yellow Dragon Fruit (Golden) 10LB,Frutas y Vegetales Frescos,PO Vida,https://insitusales.s3.us-east-1.amazonaws.com/web-app/data/12025/images/products/483_CTD-1147-Yellow%20Dragon%20Fruit%20%28Golden%29%2010LB.jpg,483,3319,Caja x10,47.43
Yuca / Cassava 35LB,Frutas y Vegetales Frescos,PO Vida,https://insitusales.s3.us-east-1.amazonaws.com/web-app/data/12025/images/products/558_CTD-1222-Yuca%20Cassava%2035LB.jpg,558,4819/8-64590-00014-3,Caja x35,28.69
YUPI GOLPE LATIN MIX ORIGINAL 17/4.93 OZ,Snacks y Botanas,YUPI,https://insitusales.s3.us-east-1.amazonaws.com/web-app/data/12025/images/products/425_CTD-1095.jpeg,425,0177-03133-03021 9,Caja x17,42.56
YUPI GOLPE LATIN MIX SPICY BBQ 8/8.81 OZ,Snacks y Botanas,YUPI,https://insitusales.s3.us-east-1.amazonaws.com/web-app/data/12025/images/products/426_CTD-1096.jpeg,426,0177-03133-01177 5,Caja x8,30.32
YUPI PUFFED CORN 17/3.88 OZ,Snacks y Botanas,YUPI,https://insitusales.s3.us-east-1.amazonaws.com/web-app/data/12025/images/products/422_CTD-1092.jpeg,422,0177-03133-00815 7,Caja x17,42.56
YUPI RIZADAS LEMON 20/4.05 OZ,Snacks y Botanas,YUPI,https://insitusales.s3.us-east-1.amazonaws.com/web-app/data/12025/images/products/423_CTD-1093.jpeg,423,0177-03133-07107 6,Caja x20,50.08
YUPI RIZADAS MAYONNAISE 20/4.05 OZ,Snacks y Botanas,YUPI,https://insitusales.s3.us-east-1.amazonaws.com/web-app/data/12025/images/products/424_CTD-1094.jpeg,424,0177-03133-07109,Caja x20,50.08
YUPI TOZINETAS FRED 16/3.52 OZ,Snacks y Botanas,YUPI,https://insitusales.s3.us-east-1.amazonaws.com/web-app/data/12025/images/products/421_CTD-1091.jpeg,421,0177-03133-01002 0,Caja x16,40.06
Zanahorias Jumbo / Carrotz 50LB,Frutas y Vegetales Frescos,PO Vida,https://insitusales.s3.us-east-1.amazonaws.com/web-app/data/12025/images/products/568_CTD-1232-Zanahorias%20Jumbo%20Carrotz%2050LB.jpg,568,4562,Caja x50,32.32
